row_number,company_name,cin,category,state,aum_cr,raw_url,search_source,outcome,score,evidence,validated_url,reject_reason,timestamp
501,Anjana Syntex Co Ltd,,,,N/A,,,URL_NOT_FOUND,0,,,,2026-02-14T22:28:52.900372
502,Anjani Finance Limited,,,,N/A,https://www.anjani.com/,direct_domain,OFFICIAL_WEBSITE_FOUND,90,"Company name on page (100% match) | Corporate email @anjani.com | Ownership signals: ['about us', 'contact us', 'careers'] | Industry keyword: 'rbi' | LinkedIn company page linked | Company name in title (50%)",https://www.anjani.com/,,2026-02-14T22:29:00.390039
503,Anjay Dealcomm  (P) Ltd,,,,N/A,,,URL_NOT_FOUND,0,,,,2026-02-14T22:29:03.466765
504,Anjula Steels Pvt Ltd,,,,N/A,,,URL_NOT_FOUND,0,,,,2026-02-14T22:29:11.065107
505,Ankit Commerce Ltd,,,,N/A,,,URL_NOT_FOUND,0,,,,2026-02-14T22:29:18.377971
506,Ankit Commotrade  Pvt.  Ltd.,,,,N/A,,,URL_NOT_FOUND,0,,,,2026-02-14T22:29:26.151268
507,Ankit Credits (P) Ltd,,,,N/A,https://ankit-credits-pvt-ltd.charteredone.com/U67120WB1988PTC044447,serper,OFFICIAL_WEBSITE_FOUND,77,"Company name on page (100% match) | Registered office address found | Partial ownership signals: ['registered office', 'login'] | Industry keyword: 'rbi' | Company name in title (68%)",https://ankit-credits-pvt-ltd.charteredone.com/U67120WB1988PTC044447,,2026-02-14T22:29:33.774334
508,Ankit Financial Services Private Limited,,,,N/A,https://www.ankit.com/,direct_domain,REVIEW_REQUIRED,55,Company name on page (100% match) | Corporate email @ankit.com | Company name in title (53%),,,2026-02-14T22:29:40.109159
509,Ankit Fiscal Services Ltd,,,,N/A,https://www.ankitagro.com/pdf/Annual%20Report%20of%20AIL%202023-24.pdf,serper,FALSE_MATCH,0,,,PDF file URL,2026-02-14T22:29:44.144964
510,Ankit Leasing & Finance Co. Ltd.,,,,N/A,https://www.ankit.com/,direct_domain,REVIEW_REQUIRED,45,Company name on page (100% match) | Corporate email @ankit.com,,,2026-02-14T22:29:49.750729
511,Ankit Nivesh & Management (P) Ltd,,,,N/A,https://zennivesh.substack.com/p/fino-payments-bank,serper,FALSE_MATCH,0,,,Blocked: substack.com,2026-02-14T22:29:53.105915
512,Ankit Prachi Trading & Inv. Ltd,,,,N/A,,,URL_NOT_FOUND,0,,,,2026-02-14T22:29:59.093169
513,Ankita Financial Services Pvt Ltd,,,,N/A,https://ankita.com/,direct_domain,REVIEW_REQUIRED,40,Company name on page (100% match) | Industry keyword: 'loan',,,2026-02-14T22:30:05.900786
514,Ankita Finvest (P)Ltd,,,,N/A,https://www.ankitafinancial.com/about.html,serper,OFFICIAL_WEBSITE_FOUND,82,"Company name on page (100% match) | Regulatory text: 'rbi registered' | Partial ownership signals: ['about us', 'our team'] | Industry keyword: 'nbfc' | Company name in title (65%)",https://www.ankitafinancial.com/about.html,,2026-02-14T22:30:08.522639
515,Ankleswar Management (P) Ltd,,,,N/A,,,URL_NOT_FOUND,0,,,,2026-02-14T22:30:16.154601
516,Ankur Trade Links Pvt. Ltd.,,,,N/A,,,URL_NOT_FOUND,0,,,,2026-02-14T22:30:23.474322
517,Ankush Steel  Co.  Pvt.  Ltd.,,,,N/A,,,URL_NOT_FOUND,0,,,,2026-02-14T22:30:45.803261
518,Ankush Vyapaar Pvt. Ltd. (Name as per MCA - Square Four Assets Management and Reconstruction Company Private Limited),,,,N/A,,,URL_NOT_FOUND,0,,,,2026-02-14T22:30:52.715523
519,Anmol Financial Services Ltd.,,,,N/A,http://ww17.anmol.com/,direct_domain,FALSE_MATCH,30,Company name on page (100% match),,Insufficient evidence (score 30/100),2026-02-14T22:30:59.627257
520,Anmol Fincap Limited (earlier known as Majha Doaba Consultants and Finvest Limited),,,,N/A,http://www.anmolgroup.in/anmolfinsec.aspx,serper,REVIEW_REQUIRED,52,Registered office address found | Corporate email @anmolgroup.in | Partial ownership signals: ['contact us'] | Industry keyword: 'financial services',,,2026-02-14T22:31:04.202333
521,Anmol Tie Up Private Limited,,,,N/A,http://www.anmolgroup.in/anmolfinsec.aspx,serper,OFFICIAL_WEBSITE_FOUND,82,Company name on page (100% match) | Registered office address found | Corporate email @anmolgroup.in | Partial ownership signals: ['contact us'] | Industry keyword: 'financial services',http://www.anmolgroup.in/anmolfinsec.aspx,,2026-02-14T22:31:12.457795
522,Anmol Tradelinks Private Limited,,,,N/A,http://anmolgroup.in/,serper,REVIEW_REQUIRED,62,Registered office address found | Corporate email @anmolgroup.in | Partial ownership signals: ['contact us'] | Industry keyword: 'finance' | Company name in title (50%),,,2026-02-14T22:31:17.810802
523,Anmolik Tracon  Pvt. Ltd.,,,,N/A,,,URL_NOT_FOUND,0,,,,2026-02-14T22:31:23.717729
524,Annapoorna Finvest Ltd.,,,,N/A,,,URL_NOT_FOUND,0,,,,2026-02-14T22:31:30.039762
525,Annapurna Finance Private Limited.,,,,N/A,https://annapurnafinance.in/codes-policies/,serper,OFFICIAL_WEBSITE_FOUND,100,"Company name on page (100% match) | Registered office address found | Regulatory text: 'reserve bank of india' | Ownership signals: ['about us', 'contact us', 'our team'] | Industry keyword: 'nbfc' | LinkedIn company page linked",https://annapurnafinance.in/codes-policies/,,2026-02-14T22:31:35.872788
526,Anniversary Investments & Agencies Ltd,,,,N/A,https://anniversary-investments-and-agencies-ltd.charteredone.com/U67120WB1936PLC008759,serper,OFFICIAL_WEBSITE_FOUND,85,"Company name on page (100% match) | Registered office address found | Ownership signals: ['about us', 'contact us', 'privacy policy'] | Industry keyword: 'rbi' | Company name in title (76%)",https://anniversary-investments-and-agencies-ltd.charteredone.com/U67120WB1936PLC008759,,2026-02-14T22:31:39.607713
527,Annleela Vanijya (P) Ltd,,,,N/A,,,URL_NOT_FOUND,0,,,,2026-02-14T22:31:45.129839
528,Annleela Vinimay (P) Ltd,,,,N/A,,,URL_NOT_FOUND,0,,,,2026-02-14T22:31:52.814494
529,Annudeep Credit Consultants (P) Ltd,,,,N/A,,,URL_NOT_FOUND,0,,,,2026-02-14T22:32:00.592422
530,Annupriya Finance Limited,,,,N/A,https://annupriya.in/,direct_domain,FALSE_MATCH,0,,,Insufficient evidence (score 0/100),2026-02-14T22:32:06.245923
531,ANP Investment Ltd,,,,N/A,https://anp.com/,direct_domain,REVIEW_REQUIRED,47,Company name on page (100% match) | Partial ownership signals: ['contact us'] | Industry keyword: 'rbi',,,2026-02-14T22:32:15.504301
532,Anscor Capital & Investment Pvt. Ltd.,,,,N/A,https://www.anscor.com/,direct_domain,FALSE_MATCH,0,,,Insufficient evidence (score 0/100),2026-02-14T22:32:19.371259
533,Ansh Financial Services (P) Ltd.,,,,N/A,https://ansh.com/,direct_domain,OFFICIAL_WEBSITE_FOUND,70,"Company name on page (100% match) | Corporate email @ansh.com | Ownership signals: ['about us', 'contact us', 'our team'] | Industry keyword: 'emi'",https://ansh.com/,,2026-02-14T22:32:21.706548
534,Anshika Consultants Pvt. Ltd.,,,,N/A,,,URL_NOT_FOUND,0,,,,2026-02-14T22:33:05.673454
535,Anshika Investments Pvt Ltd,,,,N/A,,,URL_NOT_FOUND,0,,,,2026-02-14T22:33:11.883723
536,Anshuj Leasing & Credit Limited,,,,N/A,,,URL_NOT_FOUND,0,,,,2026-02-14T22:33:17.926175
537,Anshul Auto Finance Private Limited,,,,N/A,,,URL_NOT_FOUND,0,,,,2026-02-14T22:33:31.944413
538,Anson Fincorp Pvt. Ltd,,,,N/A,https://www.ansonfincorp.in/,direct_domain,OFFICIAL_WEBSITE_FOUND,100,"Company name on page (100% match) | Registered office address found | Regulatory text: 'reserve bank of india' | Ownership signals: ['about us', 'contact us', 'board of directors'] | Industry keyword: 'nbfc'",https://www.ansonfincorp.in/,,2026-02-14T22:33:38.948631
539,Ansu Trade & Fiscal (P) Ltd,,,,N/A,,,URL_NOT_FOUND,0,,,,2026-02-14T22:33:51.926175
540,ANT CRED INVESTMENT PRIVATE LIMITED,,,,N/A,https://www.credencedata.com/company-profile/in/ant-cred-investment-private-limited-f4abca53,serper,REVIEW_REQUIRED,67,"Company name on page (100% match) | Registered office address found | Partial ownership signals: ['our team', 'registered office'] | Industry keyword: 'finance'",,,2026-02-14T22:34:19.193913
541,Antaral Finance & Investment (P) Ltd.,,,,N/A,,,URL_NOT_FOUND,0,,,,2026-02-14T22:34:27.483289
542,Antarctica Finvest Private Limited,,,,N/A,https://www.antarcticain.com/service.html,serper,REVIEW_REQUIRED,65,"Company name on page (100% match) | Ownership signals: ['about us', 'contact us', 'privacy policy'] | Industry keyword: 'loan' | Company name in title (90%)",,,2026-02-14T22:35:02.730167
543,Anthem Fincap Private Limited (Formerly known as Anthem Infratech Private Limited/Vivsun Properties Private Limited),,,,N/A,https://www.arkafincap.com/,serper,REVIEW_REQUIRED,50,"Regulatory text: 'rbi registered' | Ownership signals: ['about us', 'contact us', 'board of directors'] | Industry keyword: 'nbfc'",,,2026-02-14T22:35:08.530474
544,Anther Vinimay Private Limited,,,,N/A,https://anther-vinimay.com/,serper,FALSE_MATCH,0,,,Insufficient evidence (score 0/100),2026-02-14T22:35:23.511510
545,Antique Finance Pvt.Ltd.,,,,N/A,https://antiquelimited.com/,serper,OFFICIAL_WEBSITE_FOUND,80,"Company name on page (78% match) | Corporate email @antiquelimited.com | Ownership signals: ['about us', 'contact us', 'management team'] | Industry keyword: 'finance' | Company name in title (78%)",https://antiquelimited.com/,,2026-02-14T22:35:30.672458
546,Antique Finsec Pvt. Ltd.,,,,N/A,https://antiquelimited.com/,serper,REVIEW_REQUIRED,50,"Corporate email @antiquelimited.com | Ownership signals: ['about us', 'contact us', 'management team'] | Industry keyword: 'finance' | Company name in title (56%)",,,2026-02-14T22:35:55.498937
547,Antique Industries Ltd,,,,N/A,https://antiquelimited.com/,serper,REVIEW_REQUIRED,50,"Corporate email @antiquelimited.com | Ownership signals: ['about us', 'contact us', 'management team'] | Industry keyword: 'finance' | Company name in title (56%)",,,2026-02-14T22:36:02.045806
548,Antrang Finance (P) Ltd,,,,N/A,https://www.antrang.com/,direct_domain,FALSE_MATCH,0,,,Insufficient evidence (score 0/100),2026-02-14T22:36:13.032366
549,Antriksh Vyapaar (P) Ltd,,,,N/A,,,URL_NOT_FOUND,0,,,,2026-02-14T22:36:14.476506
550,Antworks P2P Financing Private Limited,,,,N/A,https://www.antworksp2p.com/,direct_domain,OFFICIAL_WEBSITE_FOUND,100,"Company name on page (100% match) | Registered office address found | Regulatory text: 'reserve bank of india' | Ownership signals: ['about us', 'contact us', 'privacy policy'] | Industry keyword: 'nbfc'",https://www.antworksp2p.com/,,2026-02-14T22:36:21.024185
551,Anu Colonisers Limited,,,,N/A,https://www.anucolonisers.com/,direct_domain,REVIEW_REQUIRED,40,Company name on page (100% match) | Company name in title (100%),,,2026-02-14T22:36:22.801662
552,Anu Shree Securities (P)Ltd.,,,,N/A,https://www.anushree.in/,direct_domain,FALSE_MATCH,0,,,Insufficient evidence (score 0/100),2026-02-14T22:36:25.219448
553,Anubandh Financial Services Pvt Ltd,,,,N/A,https://www.anubandh.com/,direct_domain,REVIEW_REQUIRED,62,"Company name on page (100% match) | Corporate email @anubandh.com | Partial ownership signals: ['contact us', 'login'] | Industry keyword: 'finance'",,,2026-02-14T22:36:32.068489
554,Anubhav Fincom  (P) Ltd,,,,N/A,,,URL_NOT_FOUND,0,,,,2026-02-14T22:36:32.579709
555,Anubhav Timber Private Limited,,,,N/A,,,URL_NOT_FOUND,0,,,,2026-02-14T22:36:39.170711
556,Anudeep Consultants (P) Ltd,,,,N/A,,,URL_NOT_FOUND,0,,,,2026-02-14T22:36:46.111955
557,Anugrah Apex Finance Private Limited,,,,N/A,https://www.apexfinancials.in/,serper,OFFICIAL_WEBSITE_FOUND,70,"Registered office address found | Regulatory text: 'reserve bank of india' | Ownership signals: ['contact us', 'board of directors', 'registered office'] | Industry keyword: 'nbfc'",https://www.apexfinancials.in/,,2026-02-14T22:36:53.170630
558,Anukampa Vanijya Ltd (Name as per MCA - Matrix InfraPro Finance Limited,,,,N/A,,,URL_NOT_FOUND,0,,,,2026-02-14T22:37:24.319732
559,Anumati Consultancy & Services (P) Ltd,,,,N/A,https://www.anumati.co.in/,serper,REVIEW_REQUIRED,60,"Regulatory text: 'rbi approved' | Ownership signals: ['contact us', 'terms and conditions', 'login'] | Industry keyword: 'nbfc' | LinkedIn company page linked",,,2026-02-14T22:37:29.696743
560,Anupam Advisory Pvt Ltd,,,,N/A,https://anupam.com/,direct_domain,REVIEW_REQUIRED,65,"Company name on page (100% match) | Ownership signals: ['contact us', 'privacy policy', 'terms and conditions'] | Industry keyword: 'emi' | Company name in title (75%)",,,2026-02-14T22:37:37.809415
561,Anupam Finserv Limited (Formerly Vantage Corporate Services Ltd),,,,N/A,https://anupam.com/,direct_domain,FALSE_MATCH,25,"Ownership signals: ['contact us', 'privacy policy', 'terms and conditions'] | Industry keyword: 'emi'",,Insufficient evidence (score 25/100),2026-02-14T22:37:46.514282
562,Anupam Finvest Limited,,,,N/A,https://anupamfinserv.com/,serper,REVIEW_REQUIRED,65,"Company name on page (100% match) | Ownership signals: ['about us', 'contact us', 'our team'] | Industry keyword: 'rbi' | LinkedIn company page linked",,,2026-02-14T22:37:47.652863
563,Anupam Merchantile Ltd.,,,,N/A,https://anupamfinserv.com/about-us/,serper,FALSE_MATCH,35,"Ownership signals: ['about us', 'contact us', 'our team'] | Industry keyword: 'nbfc' | LinkedIn company page linked",,Insufficient evidence (score 35/100),2026-02-14T22:37:54.763522
564,Anupam Motor Finance Limited,,,,N/A,https://anupammotorfinance.com/,serper,REVIEW_REQUIRED,50,Company name on page (100% match) | Industry keyword: 'finance' | Company name in title (96%),,,2026-02-14T22:38:01.093187
565,Anupriya Consultants (P) Ltd,,,,N/A,,,URL_NOT_FOUND,0,,,,2026-02-14T22:38:14.893855
566,Anupriya Trading (P) Ltd,,,,N/A,,,URL_NOT_FOUND,0,,,,2026-02-14T22:38:22.538009
567,Anurag Finvest (P) Ltd,,,,N/A,https://www.anuragconsulindia.com/,serper,REVIEW_REQUIRED,57,"Company name on page (100% match) | Partial ownership signals: ['about us', 'contact us'] | Industry keyword: 'nbfc' | Company name in title (62%)",,,2026-02-14T22:38:29.510329
568,Anusandhan Investments Limited,,,,N/A,,,URL_NOT_FOUND,0,,,,2026-02-14T22:38:42.218300
569,Anushasan Finance Private Limited,,,,N/A,,,URL_NOT_FOUND,0,,,,2026-02-14T22:38:50.219878
570,Anushree Vikash Ltd,,,,N/A,,,URL_NOT_FOUND,0,,,,2026-02-14T22:39:08.534410
571,Anusuiya Capital Private Limited,,,,N/A,https://www.anusuiyacapital.com/,serper,OFFICIAL_WEBSITE_FOUND,72,"Company name on page (100% match) | Corporate email @anusuiyacapital.com | Partial ownership signals: ['contact us', 'login'] | Industry keyword: 'credit' | Company name in title (60%)",https://www.anusuiyacapital.com/,,2026-02-14T22:39:16.031164
572,Anuvish Finance  Ltd.,,,,N/A,,,URL_NOT_FOUND,0,,,,2026-02-14T22:39:23.517725
573,Anuvrat Financial Services (P) Ltd,,,,N/A,https://www.anuvrat.com/,direct_domain,REVIEW_REQUIRED,45,"Company name on page (100% match) | Ownership signals: ['about us', 'contact us', 'login']",,,2026-02-14T22:39:30.354251
574,APA Finance Limited,,,,N/A,https://apa.in/,direct_domain,REVIEW_REQUIRED,50,Company name on page (100% match) | Industry keyword: 'emi' | Company name in title (67%),,,2026-02-14T22:39:35.203373
575,Apaar Source Finance Private Limited,,,,N/A,https://apaarfinance.com/,serper,OFFICIAL_WEBSITE_FOUND,100,"Company name on page (100% match) | Registered office address found | Corporate email @apaarfinance.com | Ownership signals: ['about us', 'contact us', 'corporate office'] | Industry keyword: 'loan' | Company name in title (69%)",https://apaarfinance.com/,,2026-02-14T22:39:42.186808
576,Apac Financial Services Private Limited,,,,N/A,https://www.apac.in/,direct_domain,REVIEW_REQUIRED,55,"Company name on page (100% match) | Ownership signals: ['about us', 'contact us', 'login'] | Industry keyword: 'rbi'",,,2026-02-14T22:39:47.865692
577,Apana Finvest (P) Limited,,,,N/A,http://apanafinvest.com/,serper,REVIEW_REQUIRED,57,"Company name on page (100% match) | Partial ownership signals: ['about us', 'contact us'] | Industry keyword: 'loan' | Company name in title (93%)",,,2026-02-14T22:40:04.539014
578,Aparampaar Finance Private Limited,,,,N/A,https://www.aparampaar.co.in/,direct_domain,REVIEW_REQUIRED,55,"Company name on page (100% match) | Ownership signals: ['contact us', 'privacy policy', 'grievance'] | Industry keyword: 'loan'",,,2026-02-14T22:40:39.621206
579,Aparna Investment Pvt. Ltd.,,,,N/A,https://aparna.com/,direct_domain,FALSE_MATCH,25,"Ownership signals: ['contact us', 'privacy policy', 'terms of service'] | Industry keyword: 'emi'",,Insufficient evidence (score 25/100),2026-02-14T22:40:41.220170
580,"Aparnaa Fintrade Pvt Ltd (Formerly,Salterfield Commotrade Pvt Ltd)",,,,N/A,,,URL_NOT_FOUND,0,,,,2026-02-14T22:40:43.803496
581,Aparnaa Fiscal Services Pvt Ltd,,,,N/A,,,URL_NOT_FOUND,0,,,,2026-02-14T22:40:51.525916
582,Aparoksha Financial Services Private Limited,,,,N/A,https://aparokshafinserv.com/About,serper,OFFICIAL_WEBSITE_FOUND,80,"Company name on page (100% match) | Corporate email @aparokshafinserv.com | Ownership signals: ['about us', 'contact us', 'our team'] | Industry keyword: 'nbfc' | Company name in title (80%)",https://aparokshafinserv.com/About,,2026-02-14T22:40:57.963357
583,Apc Finance (India) Private Limited,,,,N/A,https://www.apc.in/,direct_domain,FALSE_MATCH,0,,,DNS resolution failed,2026-02-14T22:41:08.139823
584,APC Trading & Investment (P) Ltd,,,,N/A,,,URL_NOT_FOUND,0,,,,2026-02-14T22:41:34.066663
585,Apeksha Emporium Pvt Ltd,,,,N/A,,,URL_NOT_FOUND,0,,,,2026-02-14T22:42:04.483858
586,Apex Capital And Finance Limited,,,,N/A,https://www.apexfinancials.in/,serper,OFFICIAL_WEBSITE_FOUND,100,"Company name on page (100% match) | Registered office address found | Regulatory text: 'reserve bank of india' | Ownership signals: ['contact us', 'board of directors', 'registered office'] | Industry keyword: 'nbfc' | Company name in title (100%)",https://www.apexfinancials.in/,,2026-02-14T22:42:11.274217
587,Apex Capital Markets Ltd.,,,,N/A,https://www.apexmarkets.com/,direct_domain,FALSE_MATCH,0,,,Insufficient evidence (score 0/100),2026-02-14T22:42:43.448188
588,Apex Holdings Ltd,,,,N/A,https://www.apexholdings.com/,direct_domain,OFFICIAL_WEBSITE_FOUND,72,"Company name on page (100% match) | Corporate email @apexholdings.com | Partial ownership signals: ['about us', 'contact us'] | Industry keyword: 'emi' | Company name in title (100%)",https://www.apexholdings.com/,,2026-02-14T22:42:45.075355
589,Apex Procon  Pvt. Ltd,,,,N/A,https://www.apexgroup.com/locations/india/,serper,OFFICIAL_WEBSITE_FOUND,75,"Company name on page (67% match) | Ownership signals: ['about us', 'contact us', 'our team'] | Industry keyword: 'loan' | LinkedIn company page linked | Company name in title (52%)",https://www.apexgroup.com/locations/india/,,2026-02-14T22:42:56.641312
590,Apg Capital Markets Ltd.,,,,N/A,https://apgcapitalmarkets.com/,serper,REVIEW_REQUIRED,65,"Company name on page (100% match) | Ownership signals: ['about us', 'our team', 'careers'] | Industry keyword: 'rbi' | LinkedIn company page linked",,,2026-02-14T22:43:07.173673
591,Aphelion Finance Pvt. Ltd. (Formerly: Aphelion Investment & Finance P Ltd.),,,,N/A,https://www.aphelioncapital.net/,direct_domain,FALSE_MATCH,35,"Ownership signals: ['about us', 'privacy policy', 'login'] | Industry keyword: 'nbfc' | Company name in title (50%)",,Insufficient evidence (score 35/100),2026-02-14T22:43:17.756795
592,Apian Finance & Investment Ltd.,,,,N/A,https://www.apian.com/,direct_domain,REVIEW_REQUIRED,52,Company name on page (100% match) | Corporate email @apian.com | Partial ownership signals: ['contact us'],,,2026-02-14T22:43:26.854304
593,Apna Finance (India) Limited,,,,N/A,https://www.apna.co.in/,direct_domain,FALSE_MATCH,30,Company name on page (100% match),,Insufficient evidence (score 30/100),2026-02-14T22:43:33.002410
594,Apollo Finvest (India) Ltd.,,,,N/A,https://www.apollofinvest.com/,direct_domain,REVIEW_REQUIRED,65,"Company name on page (100% match) | Ownership signals: ['about us', 'our team', 'investor relations'] | Industry keyword: 'nbfc' | Company name in title (82%)",,,2026-02-14T22:43:50.074261
595,Apollo Industries & Project Ltd.,,,,N/A,https://www.apolloindustries.com/,direct_domain,REVIEW_REQUIRED,57,"Company name on page (67% match) | Partial ownership signals: ['our team', 'privacy policy'] | Industry keyword: 'credit' | Company name in title (54%)",,,2026-02-14T22:43:58.433085
596,Apollo Trading and Finance Private Limited,,,,N/A,https://www.apollofinvest.com/,serper,REVIEW_REQUIRED,65,"Company name on page (67% match) | Ownership signals: ['about us', 'our team', 'investor relations'] | Industry keyword: 'nbfc' | Company name in title (56%)",,,2026-02-14T22:44:00.741298
597,Apoorva Extrusion Pvt. Ltd.,,,,N/A,,,URL_NOT_FOUND,0,,,,2026-02-14T22:44:22.694666
598,Apoorva Realtors & Finvest Pvt. Ltd.,,,,N/A,,,URL_NOT_FOUND,0,,,,2026-02-14T22:44:30.377880
599,Appex Tradelink Private Limited,,,,N/A,,,URL_NOT_FOUND,0,,,,2026-02-14T22:44:37.292087
600,Apple Portfolio Ltd,,,,N/A,https://applecoxportfolio.wordpress.com/,direct_domain,FALSE_MATCH,0,,,Blocked: wordpress.com,2026-02-14T22:44:45.079850
601,Appreciate Fincaap Private Limited,,,,N/A,https://appreciatewealth.com/about-us,serper,OFFICIAL_WEBSITE_FOUND,95,"Company name on page (63% match) | Registered office address found | Ownership signals: ['about us', 'contact us', 'our team'] | Industry keyword: 'rbi' | LinkedIn company page linked | Company name in title (63%)",https://appreciatewealth.com/about-us,,2026-02-14T22:45:00.962064
602,APR Properties (P) Ltd,,,,N/A,https://www.aprproperties.com/,direct_domain,FALSE_MATCH,0,,,Insufficient evidence (score 0/100),2026-02-14T22:45:13.500781
603,Aprajita Finvest Pvt.Ltd.,,,,N/A,,,URL_NOT_FOUND,0,,,,2026-02-14T22:45:36.866224
604,April Investment & Finance Private Limited,,,,N/A,https://www.april.com/fr/,direct_domain,REVIEW_REQUIRED,50,Company name on page (100% match) | Industry keyword: 'finance' | LinkedIn company page linked,,,2026-02-14T22:45:43.815406
605,Apsa Combines (P) Ltd,,,,N/A,,,URL_NOT_FOUND,0,,,,2026-02-14T22:45:52.311319
606,Apsara Fintrade  Pvt. Ltd,,,,N/A,,,URL_NOT_FOUND,0,,,,2026-02-14T22:46:00.699183
607,Aptech Finlease (P) Ltd.,,,,N/A,https://www.aptech-worldwide.com/downloads/investorrelations_financials/2023MergedAR.pdf,serper,FALSE_MATCH,0,,,PDF file URL,2026-02-14T22:46:07.942301
608,Aptus Finance India Private Limited,,,,N/A,https://www.aptus.in/,direct_domain,OFFICIAL_WEBSITE_FOUND,70,"Company name on page (100% match) | Corporate email @aptus.in | Ownership signals: ['about us', 'contact us', 'our team'] | Industry keyword: 'rbi'",https://www.aptus.in/,,2026-02-14T22:46:13.751070
609,Apundarik Merchants (P) Ltd,,,,N/A,,,URL_NOT_FOUND,0,,,,2026-02-14T22:46:27.242650
610,Apundarik Sales (P) Ltd,,,,N/A,,,URL_NOT_FOUND,0,,,,2026-02-14T22:46:34.492032
611,Apurva Vyapaar (P) Ltd,,,,N/A,,,URL_NOT_FOUND,0,,,,2026-02-14T22:46:41.243931
612,Aquamarine Trading & Investment Pvt. Ltd.,,,,N/A,https://www.aquamarinetrading.com/,direct_domain,OFFICIAL_WEBSITE_FOUND,72,Company name on page (69% match) | Corporate email @aquamarinetrading.com | Partial ownership signals: ['contact us'] | Industry keyword: 'rbi' | Company name in title (69%),https://www.aquamarinetrading.com/,,2026-02-14T22:46:49.970598
613,Aquarious Portfolios Pvt.Ltd.,,,,N/A,,,URL_NOT_FOUND,0,,,,2026-02-14T22:46:55.587646
614,Aquila Finance Ltd.,,,,N/A,https://www.aquilafinance.co.in/contact,serper,OFFICIAL_WEBSITE_FOUND,90,"Company name on page (100% match) | Registered office address found | Corporate email @aquilafinance.co.in | Ownership signals: ['about us', 'contact us', 'board of directors'] | Industry keyword: 'nbfc'",https://www.aquilafinance.co.in/contact,,2026-02-14T22:47:02.260464
615,Ara Investments And Finance Private Limited,,,,N/A,https://arafinserv.com/,serper,REVIEW_REQUIRED,65,"Company name on page (100% match) | Ownership signals: ['our team', 'privacy policy', 'login'] | Industry keyword: 'finance' | LinkedIn company page linked",,,2026-02-14T22:48:03.446527
616,Aradhnam Portfolio Investments Pvt.Ltd,,,,N/A,https://aradhnam.com/,serper,FALSE_MATCH,10,Industry keyword: 'finance',,Insufficient evidence (score 10/100),2026-02-14T22:48:57.792566
617,Aradhya Tie Up (P) Ltd,,,,N/A,https://www.aaradhyafinserv.in/products/fixed-deposits,serper,OFFICIAL_WEBSITE_FOUND,80,"Company name on page (100% match) | Corporate email @aaradhyafinserv.in | Ownership signals: ['about us', 'contact us', 'login'] | Industry keyword: 'nbfc' | Company name in title (62%)",https://www.aaradhyafinserv.in/products/fixed-deposits,,2026-02-14T22:49:14.700387
618,Arati Marketing (P) Ltd,,,,N/A,https://www.aratimarketing.com/,direct_domain,FALSE_MATCH,0,,,Insufficient evidence (score 0/100),2026-02-14T22:49:32.890873
619,Arbitrage Securities Private Limited,,,,N/A,https://www.arbitragesecurities.com/,direct_domain,REVIEW_REQUIRED,65,"Company name on page (100% match) | Ownership signals: ['about us', 'contact us', 'privacy policy'] | Industry keyword: 'rbi' | Company name in title (100%)",,,2026-02-14T22:49:35.074718
620,Archana Ferro Alloys Private Limited,,,,N/A,,,URL_NOT_FOUND,0,,,,2026-02-14T22:49:37.225940
621,Archbridge Capital Private Limited,,,,N/A,https://archbridge.com,direct_domain,OFFICIAL_WEBSITE_FOUND,90,"Company name on page (100% match) | Corporate email @archbridge.com | Ownership signals: ['about us', 'contact us', 'our team'] | Industry keyword: 'rbi' | LinkedIn company page linked | Company name in title (51%)",https://archbridge.com/,,2026-02-14T22:49:44.145710
622,Archna Securities (P) Ltd,,,,N/A,https://www.archnasecurities.com/,direct_domain,FALSE_MATCH,0,,,Insufficient evidence (score 0/100),2026-02-14T22:49:49.722051
623,Ardee Finvest Private Limited,,,,N/A,,,URL_NOT_FOUND,0,,,,2026-02-14T22:49:53.344699
624,Ardent Capital Private Limited,,,,N/A,https://www.ardent.co.in/,direct_domain,REVIEW_REQUIRED,50,Company name on page (100% match) | Industry keyword: 'investment' | Company name in title (57%),,,2026-02-14T22:49:59.707216
625,Areion Finserve Pvt Ltd (Formerly Bathla And Co. Ltd.),,,,N/A,https://www.areionfinserve.in/,direct_domain,OFFICIAL_WEBSITE_FOUND,80,"Company name on page (80% match) | Regulatory text: 'nbfc registered' | Ownership signals: ['about us', 'contact us', 'management team'] | Industry keyword: 'nbfc'",https://www.areionfinserve.in/,,2026-02-14T22:50:25.387611
626,Arena Textiles & Industries Limited,,,,N/A,https://www.arenatextiles.com/,direct_domain,REVIEW_REQUIRED,47,Company name on page (72% match) | Partial ownership signals: ['about us'] | Company name in title (72%),,,2026-02-14T22:50:30.102833
627,Argent Finvest (P) Ltd.,,,,N/A,,,URL_NOT_FOUND,0,,,,2026-02-14T22:50:36.550534
628,Argent Leasing & Finance Private Ltd.,,,,N/A,,,URL_NOT_FOUND,0,,,,2026-02-14T22:50:45.915944
629,Arham Capital Pvt. Ltd.,,,,N/A,http://ww16.arham.com/?sub1=20260215-0421-090d-8fab-e6511ac174e0,direct_domain,FALSE_MATCH,0,,,Insufficient evidence (score 0/100),2026-02-14T22:50:53.669661
630,Arham Credit Capital Pvt Ltd *,,,,N/A,https://arhamfinance.com/,serper,OFFICIAL_WEBSITE_FOUND,100,"Company name on page (100% match) | Registered office address found | Regulatory text: 'reserve bank of india' | Ownership signals: ['about us', 'contact us', 'privacy policy'] | Industry keyword: 'nbfc'",https://arhamfinance.com/,,2026-02-14T22:51:11.060408
631,Arham Finance & Investment Services Ltd.,,,,N/A,http://ww16.arham.com/?sub1=20260215-0421-3234-ac4c-bbe46a6e40dd,direct_domain,FALSE_MATCH,30,Company name on page (100% match),,Insufficient evidence (score 30/100),2026-02-14T22:51:19.112271
632,Ari Consolidated  Investments Private Limited,,,,N/A,,,URL_NOT_FOUND,0,,,,2026-02-14T22:51:34.835961
633,Aridhi Vanijya (P) Ltd,,,,N/A,http://www.aridhi.in/sites/default/files/2019-08/Shakumbhri_EngAd.pdf,serper,FALSE_MATCH,0,,,PDF file URL,2026-02-14T22:51:42.715422
634,Aries Portfolios Pvt.Ltd.,,,,N/A,https://ariesagro.com/wp-content/uploads/2023/01/SHP-30.06.2017.pdf,serper,FALSE_MATCH,0,,,PDF file URL,2026-02-14T22:51:46.468113
635,Arihant Chemical Industries Ltd,,,,N/A,https://www.arihantchemical.com/,direct_domain,FALSE_MATCH,0,,,Insufficient evidence (score 0/100),2026-02-14T22:51:52.636210
636,Arihant Classic Finance Ltd,,,,N/A,https://arihantclassic.in/,direct_domain,OFFICIAL_WEBSITE_FOUND,85,"Company name on page (100% match) | Registered office address found | Ownership signals: ['about us', 'contact us', 'investor relations'] | Industry keyword: 'finance' | Company name in title (73%)",https://arihantclassic.in/,,2026-02-14T22:51:54.291482
637,Arihant Corporate Consultancy (P) Ltd,,,,N/A,https://www.arihantfincorp.com/,serper,OFFICIAL_WEBSITE_FOUND,70,"Company name on page (67% match) | Corporate email @arihantfincorp.com | Ownership signals: ['about us', 'contact us', 'privacy policy'] | Industry keyword: 'loan'",https://www.arihantfincorp.com/,,2026-02-14T22:52:00.473529
638,Arihant Enterprises Ltd,,,,N/A,https://www.arihantenterprises.com/,direct_domain,REVIEW_REQUIRED,52,"Company name on page (100% match) | Corporate email @arihantenterprises.com | Partial ownership signals: ['about us', 'contact us']",,,2026-02-14T22:52:11.827611
639,Arihant Finance (India) Limited,,,,N/A,https://www.arihant.com/,direct_domain,REVIEW_REQUIRED,65,"Company name on page (100% match) | Ownership signals: ['about us', 'contact us', 'our team'] | Industry keyword: 'invest' | Company name in title (60%)",,,2026-02-14T22:52:12.954521
640,Arihant Financial Services Ltd.,,,,N/A,https://www.arihant.com/,direct_domain,REVIEW_REQUIRED,65,"Company name on page (100% match) | Ownership signals: ['about us', 'contact us', 'our team'] | Industry keyword: 'invest' | Company name in title (52%)",,,2026-02-14T22:52:19.699562
641,Arihant Holdings Ltd,,,,N/A,https://arihantholdings.com/,direct_domain,REVIEW_REQUIRED,57,Company name on page (100% match) | Partial ownership signals: ['contact us'] | Industry keyword: 'emi' | Company name in title (86%),,,2026-02-14T22:52:23.326684
642,Arihant International Limited,,,,N/A,https://www.arihantinternational.com/,direct_domain,OFFICIAL_WEBSITE_FOUND,90,"Company name on page (100% match) | Registered office address found | Corporate email @arihantinternational.com | Ownership signals: ['contact us', 'corporate office', 'login'] | Company name in title (82%)",https://www.arihantinternational.com/,,2026-02-14T22:52:27.092785
643,Arihant Udyog Ltd.,,,,N/A,https://www.arihantudyog.com/,direct_domain,REVIEW_REQUIRED,47,"Company name on page (100% match) | Partial ownership signals: ['contact us', 'login'] | Industry keyword: 'emi'",,,2026-02-14T22:52:50.368464
644,Arihant's Securities Limited,,,,N/A,https://kksecurities.com/fundamental.aspx?pagename=dirrpt&reptype=DIR&companycode=14090155.00,serper,OFFICIAL_WEBSITE_FOUND,100,"Company name on page (100% match) | Registered office address found | Regulatory text: 'registered with rbi' | Ownership signals: ['about us', 'contact us', 'board of directors'] | Industry keyword: 'nbfc' | LinkedIn company page linked | Company name in title (67%)",https://kksecurities.com/fundamental.aspx?pagename=dirrpt&reptype=DIR&companycode=14090155.00,,2026-02-14T22:52:54.227628
645,Aris Capital Private Limited,,,,N/A,https://aris.com/,direct_domain,REVIEW_REQUIRED,65,"Company name on page (100% match) | Ownership signals: ['about us', 'contact us', 'privacy policy'] | Industry keyword: 'finance' | LinkedIn company page linked",,,2026-02-14T22:53:11.827856
646,Arise Investments and Capital Private Limited,,,,N/A,https://arisecapital.in/,serper,OFFICIAL_WEBSITE_FOUND,100,"Company name on page (100% match) | Regulatory text: 'reserve bank of india' | Corporate email @arisecapital.in | Ownership signals: ['about us', 'contact us', 'privacy policy'] | Industry keyword: 'nbfc' | LinkedIn company page linked | Company name in title (64%)",https://arisecapital.in/,,2026-02-14T22:53:14.256752
647,"Aristo Securities Pvt, Ltd.",,,,N/A,,,URL_NOT_FOUND,0,,,,2026-02-14T22:53:24.578349
648,Aristo Traders Private Limited,,,,N/A,,,URL_NOT_FOUND,0,,,,2026-02-14T22:53:37.215411
649,"Aristro Fincorp Private Limited (Formerly, Sanjibani Barter Private Limited)",,,,N/A,,,URL_NOT_FOUND,0,,,,2026-02-14T22:53:43.994944
650,Arjun Shyam & Co. Pvt. Ltd.,,,,N/A,,,URL_NOT_FOUND,0,,,,2026-02-14T22:53:51.478752
651,Arjunshila Tracon Private Limited (Earlier known as Basil Tracon Private Limited),,,,N/A,,,URL_NOT_FOUND,0,,,,2026-02-14T22:53:58.357268
652,Arka Fincap Limited (Formerly Known As Kirloskar Capital Limited),,,,N/A,https://www.arkafincap.com/,serper,FALSE_MATCH,0,,,HTTP 503,2026-02-14T22:54:04.771833
653,Arkay International Finsec Ltd. (Formerly- Arrkay International Finsec (P) Ltd.),,,,N/A,https://www.arkayinternational.com/,direct_domain,FALSE_MATCH,22,"Corporate email @arkayinternational.com | Partial ownership signals: ['about us', 'contact us']",,Insufficient evidence (score 22/100),2026-02-14T22:54:08.465060
654,Arkosha Trading & Investment Pvt. Ltd.,,,,N/A,,,URL_NOT_FOUND,0,,,,2026-02-14T22:54:12.183752
655,ARL Finance Private Limited,,,,N/A,https://arl.com/,direct_domain,REVIEW_REQUIRED,40,Company name on page (100% match) | Company name in title (60%),,,2026-02-14T22:54:19.293037
656,Arman Financial Services Limited,,,,N/A,https://armanindia.com/,serper,FALSE_MATCH,0,,,HTTP 408,2026-02-14T22:54:39.661653
657,Armchair Investments Ltd,,,,N/A,,,URL_NOT_FOUND,0,,,,2026-02-14T22:55:59.838818
658,Armour Capital Private Limited,,,,N/A,https://www.armour.in/,direct_domain,REVIEW_REQUIRED,40,Company name on page (100% match) | Company name in title (70%),,,2026-02-14T22:56:18.821978
659,Armour Commotrade (P) Ltd,,,,N/A,,,URL_NOT_FOUND,0,,,,2026-02-14T22:56:29.409844
660,Armour Finance & Commerce Pvt. Ltd.,,,,N/A,,,URL_NOT_FOUND,0,,,,2026-02-14T22:56:36.792347
661,Armour Vanijya (P) Ltd,,,,N/A,https://armour-vanijya.com/,serper,FALSE_MATCH,0,,,DNS resolution failed,2026-02-14T22:56:44.673437
662,Arnav Financial Services (P) Ltd,,,,N/A,https://www.arnav.com/,direct_domain,FALSE_MATCH,30,Company name on page (100% match),,Insufficient evidence (score 30/100),2026-02-14T22:56:48.666113
663,Arnav Fincorp Private Limited,,,,N/A,https://arnavfinserv.in/,serper,REVIEW_REQUIRED,65,"Company name on page (100% match) | Ownership signals: ['about us', 'contact us', 'login'] | Industry keyword: 'financial services' | Company name in title (77%)",,,2026-02-14T22:57:08.955537
664,Arnica Chemicals (P) Ltd,,,,N/A,,,URL_NOT_FOUND,0,,,,2026-02-14T22:57:27.503524
665,Arnica Financial Consultants (P) Ltd,,,,N/A,,,URL_NOT_FOUND,0,,,,2026-02-14T22:57:33.479613
666,Arnold Holdings Ltd,,,,N/A,https://www.arnoldholdings.in/,direct_domain,REVIEW_REQUIRED,57,"Company name on page (100% match) | Partial ownership signals: ['board of directors', 'grievance'] | Industry keyword: 'loan' | Company name in title (53%)",,,2026-02-14T22:57:39.580607
667,Arohan Financial Services Limited,,,,N/A,https://www.arohan.in/,direct_domain,OFFICIAL_WEBSITE_FOUND,100,"Company name on page (100% match) | Registered office address found | Regulatory text: 'nbfc-mfi' | Ownership signals: ['contact us', 'management team', 'board of directors'] | Industry keyword: 'nbfc' | LinkedIn company page linked | Company name in title (57%)",https://www.arohan.in/,,2026-02-14T22:58:00.596097
668,Arohi Holdings Pvt Ltd,,,,N/A,https://www.arohi.com/,serper,FALSE_MATCH,0,,,HTTP 403,2026-02-14T22:58:03.810565
669,"Arora Credit Limited,",,,,N/A,,,URL_NOT_FOUND,0,,,,2026-02-14T22:58:11.291049
670,Arora Fincap Limited (Transfered To New Delhi Ro),,,,N/A,,,URL_NOT_FOUND,0,,,,2026-02-14T22:58:19.058717
671,Aroto Trade India (P) Ltd,,,,N/A,,,URL_NOT_FOUND,0,,,,2026-02-14T22:58:25.894468
672,Arpan Tie-Up   Pvt. Ltd.,,,,N/A,,,URL_NOT_FOUND,0,,,,2026-02-14T22:58:33.956572
673,Arpic Finance Private Limited,,,,N/A,https://www.arpicfinance.com/,serper,OFFICIAL_WEBSITE_FOUND,100,"Company name on page (100% match) | Registered office address found | Regulatory text: 'non-banking financial company' | Ownership signals: ['about us', 'contact us', 'privacy policy'] | Industry keyword: 'nbfc'",https://www.arpicfinance.com/,,2026-02-14T22:58:40.120837
674,Arpna Capital Services Pvt. Ltd.,,,,N/A,https://arpna.co.in/,direct_domain,FALSE_MATCH,17,Partial ownership signals: ['contact us'] | Industry keyword: 'emi',,Insufficient evidence (score 17/100),2026-02-14T22:59:07.464132
675,Arriba Inclusive Finance Private Limited,,,,N/A,https://arribafin.com/,serper,REVIEW_REQUIRED,55,"Company name on page (100% match) | Ownership signals: ['contact us', 'management team', 'privacy policy'] | Industry keyword: 'loan'",,,2026-02-14T22:59:25.870752
676,Arride Finance & Leasing Pvt.Ltd,,,,N/A,,,URL_NOT_FOUND,0,,,,2026-02-14T22:59:30.910369
677,Arro Nomos Investments Private Limited (Earlier known as BFL Investments and Financial Consultants Private Limited),,,,N/A,https://www.nomos-elibrary.de/857387.pdf,serper,FALSE_MATCH,0,,,PDF file URL,2026-02-14T22:59:41.178400
678,Art Climate Finance (India) Private Limited,,,,N/A,https://artclimatefinance.com/,serper,OFFICIAL_WEBSITE_FOUND,100,"Company name on page (100% match) | Regulatory text: 'non-banking financial company' | Corporate email @artclimatefinance.com | Ownership signals: ['about us', 'contact us', 'our team'] | Industry keyword: 'nbfc' | Company name in title (71%)",https://artclimatefinance.com/,,2026-02-14T22:59:49.221931
679,Art Finance & Trade Ltd,,,,N/A,https://www.arttrade.com/,direct_domain,FALSE_MATCH,0,,,Insufficient evidence (score 0/100),2026-02-14T23:00:22.323799
680,ART Finance (India) Private Limited(Formerly known as Shelduck Finance Pvt Ltd),,,,N/A,https://www.art.com/,direct_domain,FALSE_MATCH,25,"Ownership signals: ['contact us', 'terms and conditions', 'careers'] | Industry keyword: 'emi'",,Insufficient evidence (score 25/100),2026-02-14T23:00:23.644941
681,Art Financial Services (India) Private Limited,,,,N/A,https://www.art.com/,direct_domain,REVIEW_REQUIRED,55,"Company name on page (100% match) | Ownership signals: ['contact us', 'terms and conditions', 'careers'] | Industry keyword: 'emi'",,,2026-02-14T23:00:24.383140
682,Art Real Assets Finance (India) Private Limited,,,,N/A,https://www.artreal.com/,direct_domain,FALSE_MATCH,30,Company name on page (100% match),,Insufficient evidence (score 30/100),2026-02-14T23:00:25.984543
683,Art Special Situations Finance (India) Limited,,,,N/A,https://www.artspecial.com/,direct_domain,FALSE_MATCH,0,,,Insufficient evidence (score 0/100),2026-02-14T23:00:31.077285
684,Art Venture Finance (India) Private Limited,,,,N/A,https://www.artventure.com/,direct_domain,FALSE_MATCH,0,,,Insufficient evidence (score 0/100),2026-02-14T23:00:32.210911
685,Arth Micro Finance (Private) Ltd,,,,N/A,https://www.arthfinance.com/public/frontend/pdf/UPDATED%20POLICY%20ON%20PRICING%20OF%20LOANS%20DEC.%202023_1.pdf,serper,FALSE_MATCH,0,,,PDF file URL,2026-02-14T23:00:34.275308
686,Arth Padarth Factors And Finance Pvt Ltd,,,,N/A,https://apfactors.com/,serper,REVIEW_REQUIRED,65,"Company name on page (100% match) | Ownership signals: ['about us', 'contact us', 'our team'] | Industry keyword: 'nbfc' | LinkedIn company page linked",,,2026-02-14T23:00:37.701394
687,Arth Udyog Limited,,,,N/A,https://www.arthudyog.com/,direct_domain,REVIEW_REQUIRED,47,Company name on page (100% match) | Partial ownership signals: ['about us'] | Industry keyword: 'investment',,,2026-02-14T23:00:48.606212
688,Arthan Finance Private Limited,,,,N/A,https://www.arthan.in/,direct_domain,OFFICIAL_WEBSITE_FOUND,75,"Company name on page (100% match) | Ownership signals: ['about us', 'contact us', 'login'] | Industry keyword: 'rbi' | LinkedIn company page linked | Company name in title (100%)",https://www.arthan.in/,,2026-02-14T23:00:51.793972
689,Arthashastra Epaylater Financial Private Limited,,,,N/A,https://epaylater.in/privacy.html,serper,OFFICIAL_WEBSITE_FOUND,80,"Company name on page (100% match) | Corporate email @epaylater.in | Ownership signals: ['about us', 'privacy policy', 'terms of service'] | Industry keyword: 'nbfc' | LinkedIn company page linked",https://epaylater.in/privacy.html,,2026-02-14T23:01:20.450911
690,Artheon Finance Ltd (Name as per MCA - VJTF Eduservices Limited),,,,N/A,https://artheon.com/,direct_domain,FALSE_MATCH,0,,,Insufficient evidence (score 0/100),2026-02-14T23:01:23.223974
691,Arthimpact Digital Loans Private Limited,,,,N/A,https://arthimpact.in/wp-content/uploads/2024/07/Annual-Impact-Report-2024-V3Digital-Use-Only.pdf,serper,FALSE_MATCH,0,,,PDF file URL,2026-02-14T23:01:26.662073
692,Arthmate Financing India Private Limited[Formerly: Mamta Projects Private Limited],,,,N/A,https://www.arthmatefinancing.com/,direct_domain,FALSE_MATCH,0,,,Insufficient evidence (score 0/100),2026-02-14T23:01:29.222774
693,Arthodock Vinimay (P) Ltd,,,,N/A,,,URL_NOT_FOUND,0,,,,2026-02-14T23:01:30.223020
694,Arti Securities & Services Ltd.,,,,N/A,,,URL_NOT_FOUND,0,,,,2026-02-14T23:01:36.803771
695,Artline Commerce Private Limited,,,,N/A,https://artline-commerce-pvt-ltd.charteredone.com/U51109WB1996PTC080243,serper,OFFICIAL_WEBSITE_FOUND,77,"Company name on page (100% match) | Registered office address found | Partial ownership signals: ['registered office', 'login'] | Industry keyword: 'rbi' | Company name in title (67%)",https://artline-commerce-pvt-ltd.charteredone.com/U51109WB1996PTC080243,,2026-02-14T23:01:43.606930
696,Artline Finance Private Limited (earlier known as Artline Vinimay Private Limited),,,,N/A,https://www.artline.com/,direct_domain,FALSE_MATCH,0,,,Insufficient evidence (score 0/100),2026-02-14T23:01:50.439574
697,Artline Fiscal Services Pvt Ltd,,,,N/A,,,URL_NOT_FOUND,0,,,,2026-02-14T23:01:51.830750
698,Artlink Vintrade (P) Ltd,,,,N/A,https://artlink-vintrade.com/,serper,FALSE_MATCH,0,,,Insufficient evidence (score 0/100),2026-02-14T23:01:58.172434
699,Artmoss Sales Pvt. Ltd,,,,N/A,,,URL_NOT_FOUND,0,,,,2026-02-14T23:02:06.337736
700,Arul Financiers Private Limited,,,,N/A,,,URL_NOT_FOUND,0,,,,2026-02-14T23:02:13.283742
701,Arulaga Roche A.C.A.Finance Pvt Ltd,,,,N/A,,,URL_NOT_FOUND,0,,,,2026-02-14T23:02:20.400244
702,Arun Mercantiles  Pvt.  Ltd.,,,,N/A,,,URL_NOT_FOUND,0,,,,2026-02-14T23:02:27.833552
703,"Arun Properties (P) Ltd .( Applied For Cancellation, Sent To Co On 28.07.2017)",,,,N/A,https://arunproperty.in/,serper,FALSE_MATCH,7,Partial ownership signals: ['login'],,Insufficient evidence (score 7/100),2026-02-14T23:02:37.089266
704,Aruna  Finance Limited (Formerly Known As Aruna Leasing & Finance Limited),,,,N/A,https://www.aruna.com/,direct_domain,REVIEW_REQUIRED,42,Corporate email @aruna.com | Partial ownership signals: ['contact us'] | Industry keyword: 'investment' | LinkedIn company page linked,,,2026-02-14T23:02:44.212517
705,Arunoday Holdings(P) Ltd,,,,N/A,,,URL_NOT_FOUND,0,,,,2026-02-14T23:02:46.358505
706,Arunoday Merchants Pvt. Ltd.,,,,N/A,,,URL_NOT_FOUND,0,,,,2026-02-14T23:02:54.210658
707,Arunodaya Holdings & Trading Company Private Limited,,,,N/A,https://company.vakilsearch.com/arunodaya-holdings-and-trading-co-pvt-ltd/U65990MH1992PTC065274,serper,OFFICIAL_WEBSITE_FOUND,95,"Company name on page (100% match) | Registered office address found | Ownership signals: ['about us', 'contact us', 'privacy policy'] | Industry keyword: 'loan' | LinkedIn company page linked | Company name in title (63%)",https://company.vakilsearch.com/arunodaya-holdings-and-trading-co-pvt-ltd/U65990MH1992PTC065274,,2026-02-14T23:03:00.877517
708,Arunodaya Vanijya Pvt Ltd,,,,N/A,,,URL_NOT_FOUND,0,,,,2026-02-14T23:03:06.191959
709,Arvind Finance Co.Pvt Ltd,,,,N/A,https://www.arvind.com/,direct_domain,OFFICIAL_WEBSITE_FOUND,75,"Company name on page (100% match) | Ownership signals: ['about us', 'contact us', 'privacy policy'] | Industry keyword: 'invest' | LinkedIn company page linked | Company name in title (80%)",https://www.arvind.com/,,2026-02-14T23:03:11.926704
710,Arvind Overseas Project Services Ltd.,,,,N/A,https://www.arvindoverseas.com/,direct_domain,FALSE_MATCH,0,,,Insufficient evidence (score 0/100),2026-02-14T23:03:14.095166
711,Arya Fiscal Services Private Limited,,,,N/A,http://www.aryaservices.com/,serper,OFFICIAL_WEBSITE_FOUND,80,"Company name on page (79% match) | Corporate email @aryaservices.com | Ownership signals: ['about us', 'contact us', 'careers'] | Industry keyword: 'finance' | Company name in title (79%)",http://www.aryaservices.com/,,2026-02-14T23:03:15.108951
712,Arya Projects Ltd,,,,N/A,https://aryaprojects.com/,direct_domain,OFFICIAL_WEBSITE_FOUND,80,"Company name on page (100% match) | Corporate email @aryaprojects.com | Ownership signals: ['contact us', 'privacy policy', 'login'] | Industry keyword: 'loan' | Company name in title (84%)",https://aryaprojects.com/,,2026-02-14T23:03:23.309367
713,Aryabhatt Sales Private Limited,,,,N/A,,,URL_NOT_FOUND,0,,,,2026-02-14T23:03:37.198267
714,Aryadhan Financial Solutions Private Limited,,,,N/A,https://aryadhan.in/,serper,OFFICIAL_WEBSITE_FOUND,100,"Company name on page (100% match) | Regulatory text: 'reserve bank of india' | Corporate email @aryadhan.in | Ownership signals: ['about us', 'contact us', 'privacy policy'] | Industry keyword: 'nbfc' | Company name in title (62%)",https://aryadhan.in/,,2026-02-14T23:03:46.353940
715,Aryafinroot Financials Private Limited,,,,N/A,https://www.instafinancials.com/company/aryafinroot-financials-private-limited-U67190GJ2018PTC101644/company-overview,serper,OFFICIAL_WEBSITE_FOUND,92,"Company name on page (100% match) | Registered office address found | Corporate email @instafinancials.com | Partial ownership signals: ['about us', 'registered office'] | Industry keyword: 'capital' | Company name in title (54%)",https://www.instafinancials.com/company/aryafinroot-financials-private-limited-U67190GJ2018PTC101644/company-overview,,2026-02-14T23:03:50.145799
716,Aryakube Capital Private Limited,,,,N/A,https://aryakubecapital.in/,serper,OFFICIAL_WEBSITE_FOUND,100,"Company name on page (100% match) | Regulatory text: 'registered with rbi' | Corporate email @aryakubecapital.in | Ownership signals: ['our team', 'privacy policy', 'terms and conditions'] | Industry keyword: 'nbfc' | Company name in title (86%)",https://aryakubecapital.in/,,2026-02-14T23:03:55.697932
717,Aryan Deposits & Advances Pvt Ltd,,,,N/A,,,URL_NOT_FOUND,0,,,,2026-02-14T23:04:00.040952
718,Aryavrat Financial Services Private Limited,,,,N/A,https://www.aryavrat.in/,direct_domain,FALSE_MATCH,30,Company name on page (100% match),,Insufficient evidence (score 30/100),2026-02-14T23:04:06.603803
719,Aryavrat Saving Unit Ltd,,,,N/A,,,URL_NOT_FOUND,0,,,,2026-02-14T23:04:20.882928
720,Asa International India Microfinance Limited,,,,N/A,https://www.asainternational.com/,direct_domain,FALSE_MATCH,30,Company name on page (100% match),,Insufficient evidence (score 30/100),2026-02-14T23:04:29.208419
721,Asami Farmer Finance Private Limited,,,,N/A,,,URL_NOT_FOUND,0,,,,2026-02-14T23:04:54.501835
722,Ascend Bizcap Priate Limited,,,,N/A,https://ascendcap.in,direct_domain,FALSE_MATCH,27,Partial ownership signals: ['apply now'] | Industry keyword: 'loan' | LinkedIn company page linked,,Insufficient evidence (score 27/100),2026-02-14T23:05:00.655387
723,Ascent Leasing & Finance Co. Ltd.,,,,N/A,https://www.ascent.com/,direct_domain,REVIEW_REQUIRED,52,Company name on page (100% match) | Corporate email @ascent.com | Partial ownership signals: ['careers'],,,2026-02-14T23:05:06.511889
724,Ascom Leasing & Investments Limited,,,,N/A,https://ascomfinance.com/report/ascom-Audit-Report-A-Y-21-22.pdf,serper,FALSE_MATCH,0,,,PDF file URL,2026-02-14T23:05:09.394166
725,Ascon Merchandise (P) Ltd,,,,N/A,https://asconindia.com/retail/,serper,REVIEW_REQUIRED,40,"Corporate email @asconindia.com | Ownership signals: ['contact us', 'privacy policy', 'careers'] | Industry keyword: 'investment'",,,2026-02-14T23:05:12.083965
726,Aseem Infrastructure Finance Limited,,,,N/A,https://www.aseeminfra.in/,serper,OFFICIAL_WEBSITE_FOUND,100,"Company name on page (100% match) | Registered office address found | Regulatory text: 'reserve bank of india' | Ownership signals: ['contact us', 'our team', 'management team'] | Industry keyword: 'nbfc' | LinkedIn company page linked | Company name in title (71%)",https://aseeminfra.in/,,2026-02-14T23:05:18.908844
727,Ash Grove Capital Private Limited  (Formerly known as Unogrowth Credit India Private Limited),,,,N/A,https://www.ashgrove.com/,direct_domain,FALSE_MATCH,35,"Ownership signals: ['about us', 'privacy policy', 'careers'] | Industry keyword: 'rbi' | LinkedIn company page linked",,Insufficient evidence (score 35/100),2026-02-14T23:05:47.848793
728,Asha Advertising & Marketing Co. (P) Ltd,,,,N/A,https://www.ashaads.com/,serper,OFFICIAL_WEBSITE_FOUND,100,"Company name on page (100% match) | Registered office address found | Corporate email @ashaads.com | Ownership signals: ['about us', 'contact us', 'our team'] | Industry keyword: 'rbi' | LinkedIn company page linked | Company name in title (62%)",https://www.ashaads.com/,,2026-02-14T23:05:50.561970
729,Asha Apartments (P) Ltd,,,,N/A,https://www.ashaapartments.com/,direct_domain,REVIEW_REQUIRED,40,Company name on page (100% match) | Company name in title (94%),,,2026-02-14T23:06:00.096915
730,Asharam Leasing & Finance (P) Ltd,,,,N/A,https://asharam.com/,direct_domain,OFFICIAL_WEBSITE_FOUND,75,"Company name on page (100% match) | Ownership signals: ['about us', 'contact us', 'privacy policy'] | Industry keyword: 'invest' | LinkedIn company page linked | Company name in title (62%)",https://asharam.com/,,2026-02-14T23:06:02.337641
731,Ashdil Sales Promotion (P) Ltd,,,,N/A,,,URL_NOT_FOUND,0,,,,2026-02-14T23:06:16.162426
732,Ashdil Trading Co. (P) Ltd,,,,N/A,,,URL_NOT_FOUND,0,,,,2026-02-14T23:06:23.321573
733,Ashiana Fincap (P) Ltd.,,,,N/A,https://www.ashianahousing.com/,serper,OFFICIAL_WEBSITE_FOUND,70,"Registered office address found | Corporate email @ashianahousing.com | Ownership signals: ['about us', 'contact us', 'privacy policy'] | Industry keyword: 'investment' | LinkedIn company page linked",https://www.ashianahousing.com/,,2026-02-14T23:06:30.606710
734,Ashiana Properties  Pvt.  Ltd.,,,,N/A,https://www.ashianaproperties.com/,direct_domain,FALSE_MATCH,30,Company name on page (67% match),,Insufficient evidence (score 30/100),2026-02-14T23:06:38.626214
735,Ashiba Finance Private Limited,,,,N/A,https://www.ashiba.com/,direct_domain,FALSE_MATCH,0,,,Insufficient evidence (score 0/100),2026-02-14T23:06:48.627185
736,Ashika Credit Capital Ltd,,,,N/A,https://ashika.in/,direct_domain,FALSE_MATCH,0,,,HTTP 408,2026-02-14T23:06:49.230802
737,Ashika Global Finance Pvt Ltd,,,,N/A,https://www.ashikagroup.com/accl/index.html,serper,OFFICIAL_WEBSITE_FOUND,100,"Company name on page (100% match) | Registered office address found | Regulatory text: 'rbi registered' | Corporate email @ashikagroup.com | Ownership signals: ['about us', 'board of directors', 'privacy policy'] | Industry keyword: 'nbfc' | LinkedIn company page linked | Company name in title (72%)",https://www.ashikagroup.com/accl/index.html,,2026-02-14T23:07:45.651805
738,Ashika Global Securities Private Limited,,,,N/A,https://www.ashikagroup.com/accl/index.html,serper,OFFICIAL_WEBSITE_FOUND,100,"Company name on page (100% match) | Registered office address found | Regulatory text: 'rbi registered' | Corporate email @ashikagroup.com | Ownership signals: ['about us', 'board of directors', 'privacy policy'] | Industry keyword: 'nbfc' | LinkedIn company page linked | Company name in title (56%)",https://www.ashikagroup.com/accl/index.html,,2026-02-14T23:07:48.517160
739,Ashirwad Captal Ltd.,,,,N/A,https://www.ashirwadcapital.co.in/,serper,OFFICIAL_WEBSITE_FOUND,85,"Company name on page (83% match) | Registered office address found | Ownership signals: ['about us', 'board of directors', 'registered office'] | Industry keyword: 'investment' | Company name in title (83%)",https://www.ashirwadcapital.co.in/,,2026-02-14T23:07:51.171432
740,Ashirwad Vinimay Pvt Ltd,,,,N/A,,,URL_NOT_FOUND,0,,,,2026-02-14T23:08:00.753734
741,Ashish Fincap Limited,,,,N/A,,,URL_NOT_FOUND,0,,,,2026-02-14T23:08:08.272993
742,Ashish Finco (P) Ltd,,,,N/A,,,URL_NOT_FOUND,0,,,,2026-02-14T23:08:14.380048
743,Ashish Fiscal Services Pvt. Ltd.,,,,N/A,https://www.ashishfinancialservices.in/,serper,OFFICIAL_WEBSITE_FOUND,95,"Company name on page (67% match) | Regulatory text: 'reserve bank of india' | Corporate email @ashishbassociates.in | Ownership signals: ['about us', 'contact us', 'careers'] | Industry keyword: 'nbfc'",https://ashishbassociates.in/,,2026-02-14T23:08:20.214735
744,Ashish Trades & Finance Ltd,,,,N/A,,,URL_NOT_FOUND,0,,,,2026-02-14T23:08:55.993203
745,Ashish Vinimay Pvt Ltd,,,,N/A,,,URL_NOT_FOUND,0,,,,2026-02-14T23:09:01.782335
746,Ashok Auto Finance And Leasing Limited,,,,N/A,https://www.ashokauto.com/,direct_domain,OFFICIAL_WEBSITE_FOUND,75,"Company name on page (100% match) | Registered office address found | Ownership signals: ['about us', 'contact us', 'privacy policy'] | Industry keyword: 'rbi'",https://www.ashokauto.com/,,2026-02-14T23:09:08.564546
747,Ashok Family Holdings Pvt. Ltd.,,,,N/A,https://ashokinvestors.com/,serper,REVIEW_REQUIRED,57,"Regulatory text: 'registered with rbi' | Corporate email @ashokinvestors.com | Partial ownership signals: ['contact us', 'management team'] | Industry keyword: 'nbfc'",,,2026-02-14T23:09:12.950358
748,Ashok Finance (Karur) Limited,,,,N/A,https://www.ashok.com/,direct_domain,FALSE_MATCH,0,,,Insufficient evidence (score 0/100),2026-02-14T23:09:23.784742
749,Ashok Investment Corporation Ltd,,,,N/A,https://ashokinvestors.com/,serper,OFFICIAL_WEBSITE_FOUND,97,"Company name on page (100% match) | Regulatory text: 'registered with rbi' | Corporate email @ashokinvestors.com | Partial ownership signals: ['contact us', 'management team'] | Industry keyword: 'nbfc' | Company name in title (62%)",https://ashokinvestors.com/,,2026-02-14T23:09:26.440937
750,Ashok Investors Trust Ltd.,,,,N/A,https://ashokinvestors.com/,direct_domain,OFFICIAL_WEBSITE_FOUND,97,"Company name on page (100% match) | Regulatory text: 'registered with rbi' | Corporate email @ashokinvestors.com | Partial ownership signals: ['contact us', 'management team'] | Industry keyword: 'nbfc' | Company name in title (80%)",https://ashokinvestors.com/,,2026-02-14T23:09:35.154463
751,Ashok Leasing Limited,,,,N/A,https://www.ashok.com/,direct_domain,FALSE_MATCH,30,Company name on page (100% match),,Insufficient evidence (score 30/100),2026-02-14T23:09:38.669720
752,Ashoka Hirefin Services Pvt. Ltd.,,,,N/A,,,URL_NOT_FOUND,0,,,,2026-02-14T23:09:40.588573
753,Ashoka Marketing Ltd,,,,N/A,https://www.ashokamarketing.in/,direct_domain,FALSE_MATCH,0,,,Insufficient evidence (score 0/100),2026-02-14T23:09:46.649719
754,Ashoka Viniyoga Ltd.,,,,N/A,,,URL_NOT_FOUND,0,,,,2026-02-14T23:10:12.141910
755,Ashray Real Estates Pvt Ltd,,,,N/A,https://www.ashraydevelopers.com/,serper,OFFICIAL_WEBSITE_FOUND,80,"Company name on page (67% match) | Corporate email @ashraygroup.com | Ownership signals: ['about us', 'contact us', 'privacy policy'] | Industry keyword: 'emi' | LinkedIn company page linked",https://ashraygroup.com/,,2026-02-14T23:10:18.893911
756,Ashrit Holdings Limited,,,,N/A,https://ashrit-infrastructure-developers-llp.charteredone.com/AAB-4970,serper,REVIEW_REQUIRED,67,"Company name on page (100% match) | Registered office address found | Partial ownership signals: ['registered office', 'login'] | Industry keyword: 'rbi'",,,2026-02-14T23:10:30.035770
757,Ashroj Credit (India) Private Limited,,,,N/A,,,URL_NOT_FOUND,0,,,,2026-02-14T23:10:38.046326
758,Ashtasiddhi Industries Limited (Earlier known as Gujarat Investa Limited),,,,N/A,,,URL_NOT_FOUND,0,,,,2026-02-14T23:10:47.983961
759,Ashu Tradecom (P) Ltd,,,,N/A,,,URL_NOT_FOUND,0,,,,2026-02-14T23:10:55.489045
760,Ashutosh Autofin Pvt Ltd,,,,N/A,https://ashutoshautofin.com/,direct_domain,OFFICIAL_WEBSITE_FOUND,100,"Company name on page (100% match) | Regulatory text: 'rbi registered' | Corporate email @ashutoshautofin.com | Ownership signals: ['about us', 'contact us', 'apply now'] | Industry keyword: 'nbfc' | Company name in title (100%)",https://ashutoshautofin.com/,,2026-02-14T23:11:03.034484
761,Ashutosh Finsec Limited,,,,N/A,https://ashutoshfinsec.in/,direct_domain,OFFICIAL_WEBSITE_FOUND,100,"Company name on page (100% match) | Registered office address found | Corporate email @ashutoshfinsec.in | Ownership signals: ['contact us', 'our team', 'privacy policy'] | Industry keyword: 'nbfc' | Company name in title (57%)",https://ashutoshfinsec.in/,,2026-02-14T23:11:07.641430
762,Ashutosh Securities Pvt. Ltd.,,,,N/A,https://www.ashutoshsecurities.com/,direct_domain,OFFICIAL_WEBSITE_FOUND,90,"Company name on page (100% match) | Corporate email @ashutoshsecurities.com | Ownership signals: ['about us', 'contact us', 'our team'] | Industry keyword: 'investment' | LinkedIn company page linked | Company name in title (77%)",https://www.ashutoshsecurities.com/,,2026-02-14T23:11:10.846384
763,Ashv Finance Limited,,,,N/A,https://www.ashv.com/,direct_domain,FALSE_MATCH,30,Company name on page (100% match),,Insufficient evidence (score 30/100),2026-02-14T23:11:14.657374
764,Ashwarya Trading Private Limited,,,,N/A,,,URL_NOT_FOUND,0,,,,2026-02-14T23:11:17.059963
765,Ashwini Finance Pvt Ltd,,,,N/A,https://www.ashwini.com/,direct_domain,FALSE_MATCH,0,,,Insufficient evidence (score 0/100),2026-02-14T23:11:22.345694
766,Asia Capital Limited,,,,N/A,https://www.asia.com/,direct_domain,FALSE_MATCH,0,,,Insufficient evidence (score 0/100),2026-02-14T23:11:23.268991
767,Asia Pacific Capital (India) Pvt. Ltd.,,,,N/A,https://www.asiacapital.in/,serper,OFFICIAL_WEBSITE_FOUND,70,"Regulatory text: 'reserve bank of india' | Ownership signals: ['about us', 'contact us', 'management team'] | Industry keyword: 'nbfc' | LinkedIn company page linked | Company name in title (57%)",https://www.asiacapital.in/,,2026-02-14T23:11:24.503617
768,Asia Pragati Capfin Private Limited,,,,N/A,,,URL_NOT_FOUND,0,,,,2026-02-14T23:11:51.977936
769,Asian Capital Market Ltd,,,,N/A,https://asianmarket.in/,direct_domain,REVIEW_REQUIRED,47,"Company name on page (100% match) | Partial ownership signals: ['privacy policy', 'login'] | Industry keyword: 'credit'",,,2026-02-14T23:12:33.071362
770,Asian Distributors Pvt. Ltd.,,,,N/A,https://www.asiandistributors.com/,direct_domain,FALSE_MATCH,0,,,Insufficient evidence (score 0/100),2026-02-14T23:13:02.823730
771,Asian Financial Services Ltd,,,,N/A,https://www.asian.com/,direct_domain,REVIEW_REQUIRED,40,Company name on page (100% match) | Industry keyword: 'credit',,,2026-02-14T23:13:03.466938
772,Asija Securities Pvt. Ltd.,,,,N/A,https://asijasecurities.com/,direct_domain,OFFICIAL_WEBSITE_FOUND,90,"Company name on page (100% match) | Regulatory text: 'non-banking financial company' | Ownership signals: ['privacy policy', 'terms and conditions', 'cin no'] | Industry keyword: 'nbfc' | Company name in title (89%)",https://asijasecurities.com/,,2026-02-14T23:13:28.464570
773,Asimit Finvest Private Limited,,,,N/A,,,URL_NOT_FOUND,0,,,,2026-02-14T23:13:29.718333
774,Asirvad Micro Finance Limited,,,,N/A,https://learning.asirvad.com/ADLH/login.aspx,serper,OFFICIAL_WEBSITE_FOUND,80,"Company name on page (100% match) | Regulatory text: 'non-banking financial company' | Ownership signals: ['about us', 'contact us', 'privacy policy'] | Industry keyword: 'nbfc'",https://learning.asirvad.com/ADLH/login.aspx,,2026-02-14T23:13:38.949922
775,Asish Creations Private Limited,,,,N/A,https://asishcreations.com/,direct_domain,OFFICIAL_WEBSITE_FOUND,85,"Company name on page (100% match) | Registered office address found | Ownership signals: ['contact us', 'board of directors', 'registered office'] | Industry keyword: 'non-banking' | Company name in title (100%)",https://asishcreations.com/,,2026-02-14T23:13:43.481348
776,Asish Finance Private Ltd.,,,,N/A,,,URL_NOT_FOUND,0,,,,2026-02-14T23:13:46.103222
777,Ask Financial Holdings Private Limited,,,,N/A,https://www.askfinancials.com/ask-group/about,serper,REVIEW_REQUIRED,65,"Company name on page (100% match) | Ownership signals: ['about us', 'contact us', 'our team'] | Industry keyword: 'nbfc' | LinkedIn company page linked",,,2026-02-14T23:13:52.804127
778,Aska Investments (P) Ltd,,,,N/A,https://www.askacapital.com/,serper,REVIEW_REQUIRED,47,"Company name on page (100% match) | Partial ownership signals: ['about us', 'login'] | Industry keyword: 'nbfc'",,,2026-02-14T23:14:52.288243
779,Asl Investments Private Limited,,,,N/A,https://aslinvestments.com/,direct_domain,REVIEW_REQUIRED,47,Company name on page (100% match) | Partial ownership signals: ['login'] | Industry keyword: 'investment',,,2026-02-14T23:14:58.901253
780,Asm (India) Investments Private Limited.,,,,N/A,,,URL_NOT_FOUND,0,,,,2026-02-14T23:15:06.307265
781,Asnu Finvest Private Limited,,,,N/A,https://asnufinvest.com/,direct_domain,REVIEW_REQUIRED,50,Company name on page (100% match) | Industry keyword: 'invest' | Company name in title (81%),,,2026-02-14T23:15:13.817828
782,Asomi Finance Private Ltd.,,,,N/A,,,URL_NOT_FOUND,0,,,,2026-02-14T23:15:15.336303
783,Aspective Commercial  Pvt. Ltd.,,,,N/A,,,URL_NOT_FOUND,0,,,,2026-02-14T23:15:23.552797
784,Aspire Finance Private Limited,,,,N/A,https://www.aspire.com/,direct_domain,REVIEW_REQUIRED,57,"Company name on page (100% match) | Partial ownership signals: ['contact us', 'login'] | Industry keyword: 'credit' | Company name in title (57%)",,,2026-02-14T23:15:30.868287
785,Aspolight Agencies (P) Ltd,,,,N/A,,,URL_NOT_FOUND,0,,,,2026-02-14T23:15:33.611029
786,Aspolight Vanijya (P) Ltd,,,,N/A,https://www.aspolightvanijya.in/,direct_domain,FALSE_MATCH,0,,,Insufficient evidence (score 0/100),2026-02-14T23:15:40.393247
787,Assam Entrade Limited.,,,,N/A,https://www.assamentrade.com/,direct_domain,OFFICIAL_WEBSITE_FOUND,90,"Company name on page (100% match) | Regulatory text: 'reserve bank of india' | Ownership signals: ['about us', 'contact us', 'privacy policy'] | Industry keyword: 'nbfc' | Company name in title (92%)",https://www.assamentrade.com/,,2026-02-14T23:15:44.079847
788,Assam Hire Purchase Company Pvt. Ltd.,,,,N/A,https://company.vakilsearch.com/assam-hire-purchase-company-private-limited/U65921AS1995PTC004460,serper,OFFICIAL_WEBSITE_FOUND,95,"Company name on page (100% match) | Registered office address found | Ownership signals: ['about us', 'contact us', 'privacy policy'] | Industry keyword: 'loan' | LinkedIn company page linked | Company name in title (65%)",https://company.vakilsearch.com/assam-hire-purchase-company-private-limited/U65921AS1995PTC004460,,2026-02-14T23:15:52.189229
789,Assam Valley Finance And Investment Pvt.Ltd.,,,,N/A,http://ww16.assamvalley.com/?sub1=20260215-0446-0302-a762-db4eabf7a7c3,direct_domain,REVIEW_REQUIRED,40,Company name on page (75% match) | Industry keyword: 'rbi',,,2026-02-14T23:15:59.357872
790,Asset9 Credits Limited,,,,N/A,https://asset9credits.com/,direct_domain,OFFICIAL_WEBSITE_FOUND,100,"Company name on page (100% match) | Registered office address found | Regulatory text: 'nbfc registered' | Partial ownership signals: ['about us', 'registered office'] | Industry keyword: 'nbfc' | Company name in title (53%)",https://asset9credits.com/,,2026-02-14T23:16:05.918337
791,Assets Finance Private Limited,,,,N/A,https://assets.com/,direct_domain,REVIEW_REQUIRED,57,Company name on page (100% match) | Partial ownership signals: ['cin:'] | Industry keyword: 'invest' | Company name in title (100%),,,2026-02-14T23:16:14.413321
792,Associated General  Trading  Society  Ltd.,,,,N/A,,,URL_NOT_FOUND,0,,,,2026-02-14T23:16:16.532195
793,Associated Global Finance Limited,,,,N/A,https://www.associatedglobal.com/,direct_domain,FALSE_MATCH,0,,,Insufficient evidence (score 0/100),2026-02-14T23:16:25.137450
794,Associated Leasing Limited,,,,N/A,http://www.associatedleasing.com/,serper,FALSE_MATCH,0,,,HTTP 403,2026-02-14T23:16:25.779798
795,Associated Techno Plastics Pvt. Ltd.,,,,N/A,,,URL_NOT_FOUND,0,,,,2026-02-14T23:17:01.047848
796,Assure Financial Services Private Limited,,,,N/A,https://www.assure.com/,direct_domain,FALSE_MATCH,0,,,Insufficient evidence (score 0/100),2026-02-14T23:17:08.071571
797,Asteroids Trading & Investments Pvt. Ltd.,,,,N/A,,,URL_NOT_FOUND,0,,,,2026-02-14T23:17:08.927212
798,Astha Finvest Limited,,,,N/A,https://aasthafinserve.com/services.html,serper,OFFICIAL_WEBSITE_FOUND,90,"Company name on page (100% match) | Corporate email @aasthafintech.com | Ownership signals: ['about us', 'contact us', 'our team'] | Industry keyword: 'finance' | LinkedIn company page linked | Company name in title (74%)",https://aasthafintech.com/,,2026-02-14T23:17:16.269812
799,Astonish Financiers Pvt Ltd,,,,N/A,,,URL_NOT_FOUND,0,,,,2026-02-14T23:17:29.919086
800,Astor Corporation Pvt. Ltd.,,,,N/A,,,URL_NOT_FOUND,0,,,,2026-02-14T23:17:36.404329
801,Astralit Investments Private Limited,,,,N/A,,,URL_NOT_FOUND,0,,,,2026-02-14T23:17:43.243679
802,Astrex Enterprise Pvt. Ltd.,,,,N/A,,,URL_NOT_FOUND,0,,,,2026-02-14T23:17:52.702539
803,Astro Leasing & Finance Co. Pvt. Ltd.,,,,N/A,https://www.astro.com/horoscope,direct_domain,FALSE_MATCH,17,"Partial ownership signals: ['privacy policy', 'login'] | Industry keyword: 'rbi'",,Insufficient evidence (score 17/100),2026-02-14T23:18:00.833459
804,Astrol Dealcom Pvt Ltd,,,,N/A,,,URL_NOT_FOUND,0,,,,2026-02-14T23:18:02.203612
805,Astute Finance Private Limited,,,,N/A,https://astute.com/,direct_domain,REVIEW_REQUIRED,65,"Company name on page (100% match) | Ownership signals: ['about us', 'contact us', 'our team'] | LinkedIn company page linked | Company name in title (100%)",,,2026-02-14T23:18:09.124352
806,Atam Vallabh Financiers Limited,,,,N/A,https://www.atamvallabh.in/,direct_domain,FALSE_MATCH,0,,,Insufficient evidence (score 0/100),2026-02-14T23:18:12.846505
807,Atash Suppliers (P) Ltd,,,,N/A,,,URL_NOT_FOUND,0,,,,2026-02-14T23:18:26.222465
808,Atd Financial Services Pvt Ltd,,,,N/A,https://www.atd.com/,direct_domain,REVIEW_REQUIRED,55,"Company name on page (100% match) | Ownership signals: ['about us', 'contact us', 'our team'] | LinkedIn company page linked",,,2026-02-14T23:18:33.405952
809,Aten Capital Private Limited.,,,,N/A,,,URL_NOT_FOUND,0,,,,2026-02-14T23:18:36.550503
810,Atindra Steel  Company Pvt. Ltd. (Name as per MCA - Atindra Projects Private Limited),,,,N/A,,,URL_NOT_FOUND,0,,,,2026-02-14T23:18:41.885055
811,Atirath Commercial (P) Ltd,,,,N/A,,,URL_NOT_FOUND,0,,,,2026-02-14T23:18:46.570507
812,Atit Commercial Co. Pvt. Ltd,,,,N/A,,,URL_NOT_FOUND,0,,,,2026-02-14T23:18:51.270921
813,Atithi Dealers  Pvt  Ltd,,,,N/A,,,URL_NOT_FOUND,0,,,,2026-02-14T23:18:55.679348
814,Atithi Traders (P) Ltd,,,,N/A,,,URL_NOT_FOUND,0,,,,2026-02-14T23:19:00.857203
815,Ativeer Finance Consultants Limited,,,,N/A,,,URL_NOT_FOUND,0,,,,2026-02-14T23:19:05.576246
816,Ativir Securities Pvt Ltd,,,,N/A,,,URL_NOT_FOUND,0,,,,2026-02-14T23:19:09.317619
817,Atlanta Infrastructure And Finance Ltd,,,,N/A,,,URL_NOT_FOUND,0,,,,2026-02-14T23:19:14.393475
818,Atlanta Securities Private Limited,,,,N/A,https://www.atlantasecurities.com/,direct_domain,FALSE_MATCH,0,,,Insufficient evidence (score 0/100),2026-02-14T23:19:19.029335
819,Atlantic Leasing Ltd.,,,,N/A,https://www.atlantic.com/,direct_domain,OFFICIAL_WEBSITE_FOUND,72,Company name on page (100% match) | Corporate email @atlantic.com | Partial ownership signals: ['about us'] | Industry keyword: 'credit' | LinkedIn company page linked,https://www.atlantic.com/,,2026-02-14T23:19:20.213559
820,Atlas Equifin Pvt. Ltd.,,,,N/A,,,URL_NOT_FOUND,0,,,,2026-02-14T23:19:27.881910
821,Atlas Financial Services Private Limited,,,,N/A,https://atlas.com/,direct_domain,REVIEW_REQUIRED,50,Company name on page (100% match) | Industry keyword: 'credit' | LinkedIn company page linked,,,2026-02-14T23:19:31.682783
822,ATM Credit & Investments Pvt.Ltd.,,,,N/A,,,URL_NOT_FOUND,0,,,,2026-02-14T23:19:59.349817
823,Atma Commerce  Pvt.  Ltd.,,,,N/A,https://www.atmacommerce.com/,direct_domain,REVIEW_REQUIRED,50,Company name on page (87% match) | Industry keyword: 'emi' | Company name in title (87%),,,2026-02-14T23:20:35.817764
824,Atma Dealers Pvt. Ltd.,,,,N/A,,,URL_NOT_FOUND,0,,,,2026-02-14T23:20:37.815299
825,Atma Securities Pvt. Ltd.,,,,N/A,,,URL_NOT_FOUND,0,,,,2026-02-14T23:20:42.194347
826,Atmos Finance Private Limited,,,,N/A,https://atmos.com/,direct_domain,REVIEW_REQUIRED,57,Company name on page (100% match) | Partial ownership signals: ['login'] | Industry keyword: 'rbi' | Company name in title (50%),,,2026-02-14T23:20:47.855355
827,Atreyi Agencies (P) Ltd,,,,N/A,,,URL_NOT_FOUND,0,,,,2026-02-14T23:20:52.328700
828,Atreyi Vincom Private Limited,,,,N/A,,,URL_NOT_FOUND,0,,,,2026-02-14T23:20:57.352146
829,Attractive Capital Services Pvt.Ltd.,,,,N/A,https://www.attractive.com/,direct_domain,FALSE_MATCH,0,,,Insufficient evidence (score 0/100),2026-02-14T23:21:01.981685
830,Attree Hire Purchase & Leasing Company Pvt. Ltd.,,,,N/A,,,URL_NOT_FOUND,0,,,,2026-02-14T23:21:02.521115
831,Atul Adani Financial Services Private Limited,,,,N/A,,,URL_NOT_FOUND,0,,,,2026-02-14T23:21:06.551812
832,Atul Fin Resources Limited,,,,N/A,,,URL_NOT_FOUND,0,,,,2026-02-14T23:21:11.567334
833,Atul Mercantile Private Limited,,,,N/A,,,URL_NOT_FOUND,0,,,,2026-02-14T23:21:16.815942
834,August Agents Ltd,,,,N/A,https://augustagents.com/,direct_domain,REVIEW_REQUIRED,50,Company name on page (100% match) | LinkedIn company page linked | Company name in title (100%),,,2026-02-14T23:21:22.542222
835,August Trading Private Limited,,,,N/A,https://www.augusttrading.com/,direct_domain,REVIEW_REQUIRED,40,Company name on page (100% match) | Company name in title (72%),,,2026-02-14T23:21:25.450274
836,Auj Investment & Consultants Pvt Ltd,,,,N/A,,,URL_NOT_FOUND,0,,,,2026-02-14T23:21:28.700806
837,Aura Finance & Holdings Private Limited,,,,N/A,https://www.auraholdings.com/,direct_domain,FALSE_MATCH,0,,,Insufficient evidence (score 0/100),2026-02-14T23:21:32.848694
838,Aureolis Capital Private Limited,,,,N/A,https://www.aureolis.in/,direct_domain,FALSE_MATCH,0,,,Insufficient evidence (score 0/100),2026-02-14T23:21:55.849921
839,Aurfin Leasing Limited,,,,N/A,https://www.aurfin.it/,direct_domain,REVIEW_REQUIRED,40,Company name on page (100% match) | Company name in title (59%),,,2026-02-14T23:22:01.294687
840,Auric Tradefin Private Limited,,,,N/A,https://aurictradefin.com/,direct_domain,OFFICIAL_WEBSITE_FOUND,75,Company name on page (100% match) | Regulatory text: 'rbi registered' | Industry keyword: 'nbfc' | Company name in title (57%),https://aurictradefin.com/,,2026-02-14T23:22:10.375374
841,Aurika Finvest Pvt. Ltd (Formerly Hriday Fincorp Pvt. Ltd.),,,,N/A,,,URL_NOT_FOUND,0,,,,2026-02-14T23:22:16.469063
842,Auriolus Finvest Private Limited,,,,N/A,https://www.auriolusfinvest.com/,direct_domain,FALSE_MATCH,0,,,Insufficient evidence (score 0/100),2026-02-14T23:22:21.231071
843,Auro Minerals  Pvt.  Ltd.,,,,N/A,,,URL_NOT_FOUND,0,,,,2026-02-14T23:22:22.173810
844,Auroplast Merchandise (P) Ltd,,,,N/A,,,URL_NOT_FOUND,0,,,,2026-02-14T23:22:27.951450
845,Aurum Capital Projects Limited,,,,N/A,https://aurumprojects.com/,direct_domain,REVIEW_REQUIRED,62,Company name on page (100% match) | Corporate email @aurumprojects.com | Partial ownership signals: ['login'] | Industry keyword: 'credit',,,2026-02-14T23:22:32.571440
846,Aurum Impex (P) Ltd,,,,N/A,,,URL_NOT_FOUND,0,,,,2026-02-14T23:22:34.332070
847,Aurum Ventures Private Limited,,,,N/A,https://aurumventures.in/,direct_domain,OFFICIAL_WEBSITE_FOUND,85,"Company name on page (100% match) | Registered office address found | Ownership signals: ['about us', 'our team', 'board of directors'] | Industry keyword: 'nbfc' | LinkedIn company page linked",https://aurumventures.in/,,2026-02-14T23:22:45.171037
848,Authentic Finlease Pvt Ltd,,,,N/A,,,URL_NOT_FOUND,0,,,,2026-02-14T23:23:05.436777
849,Authum Investment & Infrastructure Limited,,,,N/A,,,URL_NOT_FOUND,0,,,,2026-02-14T23:23:10.445914
850,Autolec International Pvt  Ltd,,,,N/A,,,URL_NOT_FOUND,0,,,,2026-02-14T23:23:15.670706
851,Autotrac Finance Limited,,,,N/A,https://www.autotrac.in/,direct_domain,FALSE_MATCH,0,,,Insufficient evidence (score 0/100),2026-02-14T23:23:21.381694
852,"Auxilo Finserve Private Limited (W.E.F. September 11, 2017)",,,,N/A,https://www.auxilofinserve.com/,direct_domain,FALSE_MATCH,0,,,Insufficient evidence (score 0/100),2026-02-14T23:23:39.322666
853,Ava Finance Private Limited.,,,,N/A,,,URL_NOT_FOUND,0,,,,2026-02-14T23:23:40.130762
854,Avail Financial Services Ltd.,,,,N/A,https://www.avail.co/?utm_channel=direct&utm_source=availdotcom&utm_campaign=availdotcom+launch&utm_content=nearterm+redirect&utm_medium=302+redirect,direct_domain,OFFICIAL_WEBSITE_FOUND,80,"Company name on page (100% match) | Corporate email @avail.co | Ownership signals: ['about us', 'contact us', 'our team'] | Industry keyword: 'credit' | LinkedIn company page linked",https://www.avail.co/?utm_channel=direct&utm_source=availdotcom&utm_campaign=availdotcom+launch&utm_content=nearterm+redirect&utm_medium=302+redirect,,2026-02-14T23:23:47.674469
855,Avalokiteshvar Valinv Limited,,,,N/A,,,URL_NOT_FOUND,0,,,,2026-02-14T23:23:51.698880
856,Avalon Vinimay Private Limited,,,,N/A,,,URL_NOT_FOUND,0,,,,2026-02-14T23:23:57.122832
857,Avancer Finlease India Ltd.,,,,N/A,https://www.avancerfinlease.com/,direct_domain,OFFICIAL_WEBSITE_FOUND,72,Company name on page (100% match) | Corporate email @avancerfinlease.com | Partial ownership signals: ['our team'] | Industry keyword: 'rbi' | Company name in title (100%),https://www.avancerfinlease.com/,,2026-02-14T23:24:01.739542
858,Avanse Financial Services Ltd,,,,N/A,https://www.avanse.com/,direct_domain,OFFICIAL_WEBSITE_FOUND,90,"Company name on page (100% match) | Corporate email @avanse.com | Ownership signals: ['about us', 'contact us', 'privacy policy'] | Industry keyword: 'nbfc' | LinkedIn company page linked | Company name in title (52%)",https://www.avanse.com/,,2026-02-14T23:24:03.658193
859,Avant Garde Re-Energy Private Limited,,,,N/A,https://www.avantgarde.co.in/,direct_domain,FALSE_MATCH,0,,,Insufficient evidence (score 0/100),2026-02-14T23:24:04.267858
860,Avanti Barter P Ltd (Applied For Cancellation) (Name as per MCA - Shree Suraj Cold Storage Private Limited),,,,N/A,,,URL_NOT_FOUND,0,,,,2026-02-14T23:24:21.052268
861,Avanti Finance Private Limited,,,,N/A,https://avanti.com/,direct_domain,REVIEW_REQUIRED,47,Company name on page (100% match) | Partial ownership signals: ['contact us'] | Industry keyword: 'rbi',,,2026-02-14T23:24:24.990657
862,Avanti Microfinance Private Limited,,,,N/A,,,URL_NOT_FOUND,0,,,,2026-02-14T23:24:28.482102
863,Avasara Finance Limited,,,,N/A,https://avasara.in/,direct_domain,OFFICIAL_WEBSITE_FOUND,80,"Company name on page (100% match) | Corporate email @avasara.in | Ownership signals: ['terms and conditions', 'careers', 'login'] | Industry keyword: 'emi' | Company name in title (52%)",https://avasara.in/,,2026-02-14T23:24:44.012022
864,Avendus Finance Private Limited (Formerly Pacific Hire Purchase Limited),,,,N/A,https://www.avendus.com/india,direct_domain,REVIEW_REQUIRED,50,"Corporate email @avendus.com | Ownership signals: ['about us', 'contact us', 'investor relations'] | Industry keyword: 'financial services' | LinkedIn company page linked",,,2026-02-14T23:24:58.011878
865,Avi Overseas Pvt. Ltd.,,,,N/A,,,URL_NOT_FOUND,0,,,,2026-02-14T23:25:00.480179
866,Avid Capital Private Limited,,,,N/A,https://www.avid.in/,direct_domain,FALSE_MATCH,0,,,Insufficient evidence (score 0/100),2026-02-14T23:25:06.136851
867,Avinash Agrotech (P) Ltd.,,,,N/A,,,URL_NOT_FOUND,0,,,,2026-02-14T23:25:08.092040
868,Avinash Capital  Markets  Pvt.  Ltd.,,,,N/A,https://avinashmarkets.com/,direct_domain,REVIEW_REQUIRED,55,"Company name on page (67% match) | Ownership signals: ['about us', 'our team', 'login'] | Industry keyword: 'emi'",,,2026-02-14T23:25:11.804956
869,Avinash Mercantile Pvt Ltd,,,,N/A,,,URL_NOT_FOUND,0,,,,2026-02-14T23:25:16.636303
870,Aviral Finance Private Limited,,,,N/A,https://www.aviral.in/,direct_domain,FALSE_MATCH,0,,,Insufficient evidence (score 0/100),2026-02-14T23:25:21.489688
871,Aviral Marketing (P) Ltd,,,,N/A,,,URL_NOT_FOUND,0,,,,2026-02-14T23:25:25.378113
872,Aviram Finance & Investment Pvt. Ltd.,,,,N/A,https://www.aviram.in/,direct_domain,REVIEW_REQUIRED,40,"Corporate email @aviram.in | Ownership signals: ['about us', 'contact us', 'our team'] | Company name in title (50%)",,,2026-02-14T23:25:44.422906
873,Avirat Finance Private Limited,,,,N/A,https://www.avirat.in/,direct_domain,OFFICIAL_WEBSITE_FOUND,70,"Company name on page (100% match) | Corporate email @avirat.in | Ownership signals: ['about us', 'contact us', 'careers'] | Company name in title (52%)",https://www.avirat.in/,,2026-02-14T23:26:04.325084
874,Avis Tie-Up Private Limited,,,,N/A,,,URL_NOT_FOUND,0,,,,2026-02-14T23:26:21.483283
875,Avisha Credit Capital Ltd.,,,,N/A,https://www.avisha.com/,direct_domain,FALSE_MATCH,0,,,DNS resolution failed,2026-02-14T23:26:26.235340
876,Avon Distributors (India) (P) Ltd,,,,N/A,,,URL_NOT_FOUND,0,,,,2026-02-14T23:26:50.020460
877,Avon Mercantile Limited,,,,N/A,https://www.avonmercantile.co.in/,direct_domain,OFFICIAL_WEBSITE_FOUND,90,"Company name on page (100% match) | Regulatory text: 'reserve bank of india' | Ownership signals: ['about us', 'privacy policy', 'investor relations'] | Industry keyword: 'non-banking' | Company name in title (77%)",https://www.avonmercantile.co.in/,,2026-02-14T23:26:54.701383
878,Avonmore Capital & Management Services Ltd.,,,,N/A,,,URL_NOT_FOUND,0,,,,2026-02-14T23:26:55.450708
879,Avro Commercial Company Private Limited,,,,N/A,https://www.avrocommercial.com/,direct_domain,FALSE_MATCH,0,,,Insufficient evidence (score 0/100),2026-02-14T23:27:22.280712
880,AVS Global Private Limited,,,,N/A,https://www.avsglobal.in/,direct_domain,FALSE_MATCH,30,Company name on page (100% match),,Insufficient evidence (score 30/100),2026-02-14T23:27:23.325470
881,AVSR Holdings Private Limited,,,,N/A,,,URL_NOT_FOUND,0,,,,2026-02-14T23:27:27.802172
882,Avtar Instalments Private Limited,,,,N/A,,,URL_NOT_FOUND,0,,,,2026-02-14T23:27:32.830929
883,Avtar Securities Private Limited,,,,N/A,,,URL_NOT_FOUND,0,,,,2026-02-14T23:27:38.366104
884,Awantika Impex Limited,,,,N/A,,,URL_NOT_FOUND,0,,,,2026-02-14T23:27:42.734874
885,Awdhan Trading Co Ltd,,,,N/A,,,URL_NOT_FOUND,0,,,,2026-02-14T23:27:46.829362
886,Axis Finance Ltd.,,,,N/A,https://www.axis.com/en-in,direct_domain,REVIEW_REQUIRED,65,"Company name on page (100% match) | Ownership signals: ['about us', 'contact us', 'careers'] | Industry keyword: 'finance' | LinkedIn company page linked",,,2026-02-14T23:27:51.352123
887,Axix Vyapaar (P) Ltd,,,,N/A,,,URL_NOT_FOUND,0,,,,2026-02-14T23:27:52.572768
888,Axon Finance And Securities Ltd,,,,N/A,,,URL_NOT_FOUND,0,,,,2026-02-14T23:27:57.016141
889,Ayaan Finserve India Private Limited (Formerly Charat Ram Shriram Pvt. Ltd.),,,,N/A,https://ayaanfinserve.com/,direct_domain,REVIEW_REQUIRED,45,"Registered office address found | Ownership signals: ['about us', 'contact us', 'privacy policy'] | Industry keyword: 'nbfc'",,,2026-02-14T23:28:01.480182
890,Ayan Fintrade Pvt. Ltd.,,,,N/A,,,URL_NOT_FOUND,0,,,,2026-02-14T23:28:07.511033
891,Aye Finance Limited (Earlier known as Aye Finance Private Limited),,,,N/A,,,URL_NOT_FOUND,0,,,,2026-02-14T23:28:11.479984
892,Ayodhya Finlease Ltd.,,,,N/A,,,URL_NOT_FOUND,0,,,,2026-02-14T23:29:05.986072
893,Ayoki Finance & Leasing Company Private Limited,,,,N/A,,,URL_NOT_FOUND,0,,,,2026-02-14T23:29:11.644715
894,Ayush Fintrade (P) Ltd,,,,N/A,,,URL_NOT_FOUND,0,,,,2026-02-14T23:29:15.757014
895,Ayush Fintrex  Pvt Ltd,,,,N/A,,,URL_NOT_FOUND,0,,,,2026-02-14T23:29:20.415112
896,Ayush Fiscal (P) Ltd,,,,N/A,https://www.ayushfiscal.com/,direct_domain,OFFICIAL_WEBSITE_FOUND,100,"Company name on page (100% match) | Registered office address found | Corporate email @ayushfiscal.com | Ownership signals: ['grievance', 'registered office', 'careers'] | Industry keyword: 'nbfc' | LinkedIn company page linked | Company name in title (92%)",https://www.ayushfiscal.com/,,2026-02-14T23:29:25.958784
897,Ayush Traders  Pvt. Ltd.,,,,N/A,,,URL_NOT_FOUND,0,,,,2026-02-14T23:29:26.680945
898,Azimuth Investments Ltd,,,,N/A,https://www.azimuthinvestments.com/,direct_domain,FALSE_MATCH,0,,,Insufficient evidence (score 0/100),2026-02-14T23:29:31.705613
899,B Arunkumar Capital & Credit Services Private Limited,,,,N/A,https://www.arunkumar.co.in/,direct_domain,REVIEW_REQUIRED,40,Company name on page (100% match) | Industry keyword: 'emi',,,2026-02-14T23:29:33.123928
900,B B Banthia Finance Private Limited,,,,N/A,http://ww16.banthia.com/?sub1=20260215-0500-1724-ab6f-79b5a31d77b1,direct_domain,REVIEW_REQUIRED,40,Company name on page (100% match) | Industry keyword: 'emi',,,2026-02-14T23:30:04.086328
901,B Daulat  Ltd.,,,,N/A,https://www.daulat.com/,direct_domain,FALSE_MATCH,30,Company name on page (100% match),,Insufficient evidence (score 30/100),2026-02-14T23:30:20.350936
902,B Gopiram & Co. Pvt. Ltd.,,,,N/A,,,URL_NOT_FOUND,0,,,,2026-02-14T23:30:27.831228
903,B K C Securities & Share (P) Ltd,,,,N/A,,,URL_NOT_FOUND,0,,,,2026-02-14T23:30:33.277239
904,B L G Brokers & Securities Pvt. Ltd.,,,,N/A,,,URL_NOT_FOUND,0,,,,2026-02-14T23:30:37.634023
905,B M G Investments Pvt. Ltd.,,,,N/A,,,URL_NOT_FOUND,0,,,,2026-02-14T23:30:42.180433
906,B P C Tradecom (P) Ltd,,,,N/A,,,URL_NOT_FOUND,0,,,,2026-02-14T23:30:49.146667
907,B P Consultants Private Limited,,,,N/A,https://consultants.com/,direct_domain,FALSE_MATCH,30,Company name on page (100% match),,Insufficient evidence (score 30/100),2026-02-14T23:31:04.477912
908,B R Alloys Pvt Ltd,,,,N/A,https://www.alloys.com/,direct_domain,REVIEW_REQUIRED,57,Company name on page (100% match) | Partial ownership signals: ['contact us'] | Industry keyword: 'credit' | LinkedIn company page linked,,,2026-02-14T23:31:05.793428
909,B S Advances Private Limited,,,,N/A,http://ww1.advances.com,direct_domain,FALSE_MATCH,30,Company name on page (100% match),,Insufficient evidence (score 30/100),2026-02-14T23:31:09.587044
910,B S J Financial Services (P) Ltd,,,,N/A,,,URL_NOT_FOUND,0,,,,2026-02-14T23:31:15.096922
911,B S N Capital Services Pvt. Ltd.,,,,N/A,,,URL_NOT_FOUND,0,,,,2026-02-14T23:31:19.127592
912,B S N Finvest Pvt Ltd,,,,N/A,,,URL_NOT_FOUND,0,,,,2026-02-14T23:31:23.311934
913,B S R  Finance & Constructions Ltd,,,,N/A,,,URL_NOT_FOUND,0,,,,2026-02-14T23:31:33.024494
914,B. K. Investment Services Private Limited,,,,N/A,,,URL_NOT_FOUND,0,,,,2026-02-14T23:31:38.698086
915,B. N. Securities Ltd,,,,N/A,,,URL_NOT_FOUND,0,,,,2026-02-14T23:31:42.868122
916,B. T. Investments Private Limited,,,,N/A,,,URL_NOT_FOUND,0,,,,2026-02-14T23:32:09.451695
917,B.D Credits Limited,,,,N/A,https://credits.com/en/,direct_domain,OFFICIAL_WEBSITE_FOUND,95,"Company name on page (100% match) | Registered office address found | Ownership signals: ['terms of service', 'terms and conditions', 'head office'] | Industry keyword: 'finance' | LinkedIn company page linked | Company name in title (64%)",https://credits.com/en/,,2026-02-14T23:32:20.229600
918,B.H.L. Forex & Finlease Ltd.,,,,N/A,,,URL_NOT_FOUND,0,,,,2026-02-14T23:32:29.395303
919,B.M. Graphics Pvt. Ltd.,,,,N/A,https://www.graphics.com/,direct_domain,FALSE_MATCH,10,Industry keyword: 'credit',,Insufficient evidence (score 10/100),2026-02-14T23:32:33.370413
920,B.N. Finlease Pvt.Ltd.,,,,N/A,https://www.finlease.com/,direct_domain,FALSE_MATCH,0,,,DNS resolution failed,2026-02-14T23:32:42.161821
921,B.P. Securities (India) Pvt. Ltd.,,,,N/A,,,URL_NOT_FOUND,0,,,,2026-02-14T23:33:04.862305
922,B.R. Merchantiles Pvt. Ltd.,,,,N/A,,,URL_NOT_FOUND,0,,,,2026-02-14T23:33:29.869416
923,B.R.M. Lease And Credit Private Limited,,,,N/A,,,URL_NOT_FOUND,0,,,,2026-02-14T23:33:34.304505
924,B.R.S Finlease Private Limited,,,,N/A,,,URL_NOT_FOUND,0,,,,2026-02-14T23:33:40.214693
925,B.S. Goel Finance Co. Pvt. Ltd.,,,,N/A,,,URL_NOT_FOUND,0,,,,2026-02-14T23:33:43.699852
926,B.S. Holdings & Trading Ltd,,,,N/A,,,URL_NOT_FOUND,0,,,,2026-02-14T23:34:22.789776
927,B.S.Chits Private Limited,,,,N/A,,,URL_NOT_FOUND,0,,,,2026-02-14T23:34:27.660004
928,B.V. Infin Ltd.,,,,N/A,https://infinsolutions.in/,direct_domain,REVIEW_REQUIRED,55,"Company name on page (100% match) | Ownership signals: ['about us', 'privacy policy', 'terms and conditions'] | Industry keyword: 'financial services'",,,2026-02-14T23:34:32.993282
929,Baaz Trading & Investment Limited,,,,N/A,,,URL_NOT_FOUND,0,,,,2026-02-14T23:35:00.778144
930,Baba Basuki Commercial Private Limited,,,,N/A,,,URL_NOT_FOUND,0,,,,2026-02-14T23:35:04.958369
931,Baba Basuki Distributors (P) Ltd,,,,N/A,,,URL_NOT_FOUND,0,,,,2026-02-14T23:35:12.863317
932,Baba Commercial & Finvest (P) Ltd,,,,N/A,,,URL_NOT_FOUND,0,,,,2026-02-14T23:35:17.052881
933,Baba Iron Industries Private Limited,,,,N/A,,,URL_NOT_FOUND,0,,,,2026-02-14T23:35:22.272973
934,Baba Lease and Investment Private Limited,,,,N/A,https://babalease.com/,direct_domain,OFFICIAL_WEBSITE_FOUND,100,"Company name on page (100% match) | Registered office address found | Regulatory text: 'rbi registered' | Corporate email @babalease.com | Ownership signals: ['about us', 'contact us', 'our team'] | Industry keyword: 'nbfc' | LinkedIn company page linked | Company name in title (68%)",https://babalease.com/,,2026-02-14T23:35:27.307209
935,Baba Nanak Financial Services Ltd.,,,,N/A,,,URL_NOT_FOUND,0,,,,2026-02-14T23:35:29.205536
936,Baba Puran Dass financial Services Ltd.,,,,N/A,,,URL_NOT_FOUND,0,,,,2026-02-14T23:35:53.679037
937,Babaji Auto Finance Private Limited,,,,N/A,,,URL_NOT_FOUND,0,,,,2026-02-14T23:35:58.029861
938,Babul Fiscal Services (P) Ltd,,,,N/A,,,URL_NOT_FOUND,0,,,,2026-02-14T23:36:01.853486
939,Babul Holdings Private Limited,,,,N/A,https://www.babulholdings.com/,direct_domain,FALSE_MATCH,0,,,Insufficient evidence (score 0/100),2026-02-14T23:36:06.307970
940,Babylon Trading & Investment (P) Ltd,,,,N/A,,,URL_NOT_FOUND,0,,,,2026-02-14T23:36:07.806867
941,Bacchhat Investment & Finance Ltd,,,,N/A,,,URL_NOT_FOUND,0,,,,2026-02-14T23:36:17.941030
942,Bachchi Finance (P) Ltd,,,,N/A,https://bachchi.com/,direct_domain,FALSE_MATCH,37,Company name on page (100% match) | Partial ownership signals: ['login'],,Insufficient evidence (score 37/100),2026-02-14T23:36:22.785149
943,Backbone Sales (P) Ltd,,,,N/A,,,URL_NOT_FOUND,0,,,,2026-02-14T23:36:56.340478
944,Badal Commotrade (P) Ltd,,,,N/A,,,URL_NOT_FOUND,0,,,,2026-02-14T23:37:00.609209
945,Badridas Investment Co Ltd,,,,N/A,,,URL_NOT_FOUND,0,,,,2026-02-14T23:37:05.475999
946,Bagamber Dealers (P) Ltd,,,,N/A,,,URL_NOT_FOUND,0,,,,2026-02-14T23:37:10.815152
947,Bagaria Finance Ltd,,,,N/A,https://www.bagaria.com/,direct_domain,FALSE_MATCH,0,,,Insufficient evidence (score 0/100),2026-02-14T23:37:15.302961
948,Baghmar Finance Limited,,,,N/A,,,URL_NOT_FOUND,0,,,,2026-02-14T23:37:18.701647
949,Baglas Traders Pvt. Ltd.,,,,N/A,,,URL_NOT_FOUND,0,,,,2026-02-14T23:37:23.287996
950,Bagmane Traders (P) Ltd,,,,N/A,,,URL_NOT_FOUND,0,,,,2026-02-14T23:37:28.051732
951,Bagrrys Holding Limited (Formerly Oasis Securities Ltd),,,,N/A,,,URL_NOT_FOUND,0,,,,2026-02-14T23:37:32.016198
952,Bahadur Chand Investments Private Limited,,,,N/A,,,URL_NOT_FOUND,0,,,,2026-02-14T23:37:38.266318
953,Bahar Mercantile Limited,,,,N/A,,,URL_NOT_FOUND,0,,,,2026-02-14T23:37:41.979927
954,Bahar Merchants  Pvt Ltd,,,,N/A,,,URL_NOT_FOUND,0,,,,2026-02-14T23:37:47.453963
955,Bahar Suppliers (P) Ltd,,,,N/A,https://www.baharsuppliers.com/,direct_domain,OFFICIAL_WEBSITE_FOUND,72,"Company name on page (100% match) | Corporate email @baharsuppliers.com | Partial ownership signals: ['our team', 'privacy policy'] | Industry keyword: 'loan' | Company name in title (94%)",https://www.baharsuppliers.com/,,2026-02-14T23:37:51.987127
956,Bahl And Company Private Limited,,,,N/A,,,URL_NOT_FOUND,0,,,,2026-02-14T23:37:54.895583
957,Bahubali Leasing Limited,,,,N/A,https://www.bahubali.com/,direct_domain,REVIEW_REQUIRED,40,Company name on page (100% match) | Company name in title (64%),,,2026-02-14T23:37:59.799469
958,Bahubali Properties Ltd,,,,N/A,,,URL_NOT_FOUND,0,,,,2026-02-14T23:38:02.989605
959,Bahula Finvest Co. Pvt. Ltd.,,,,N/A,,,URL_NOT_FOUND,0,,,,2026-02-14T23:38:07.541082
960,Baid Fincom (P) Ltd,,,,N/A,,,URL_NOT_FOUND,0,,,,2026-02-14T23:38:11.724797
961,Baid Finex Services Pvt Ltd,,,,N/A,,,URL_NOT_FOUND,0,,,,2026-02-14T23:38:16.549822
962,Baid Finserv Limited(Formerly Known As Baid Leasing & Finance Co. Ltd.),,,,N/A,,,URL_NOT_FOUND,0,,,,2026-02-14T23:38:20.844948
963,Baid Global Finance (P) Ltd,,,,N/A,,,URL_NOT_FOUND,0,,,,2026-02-14T23:38:45.235269
964,Baid Holdings (P) Ltd,,,,N/A,,,URL_NOT_FOUND,0,,,,2026-02-14T23:38:49.774467
965,Baid Mercantiles Ltd,,,,N/A,,,URL_NOT_FOUND,0,,,,2026-02-14T23:38:54.509069
966,Baid Merchants   Pvt. Ltd.,,,,N/A,https://www.baidmerchants.in/,direct_domain,FALSE_MATCH,0,,,Insufficient evidence (score 0/100),2026-02-14T23:38:59.208845
967,Baid Stock Broking Services Pvt. Ltd.,,,,N/A,,,URL_NOT_FOUND,0,,,,2026-02-14T23:39:01.128181
968,Baid Trade Fina (P) Ltd,,,,N/A,,,URL_NOT_FOUND,0,,,,2026-02-14T23:39:05.902349
969,Baid Vyapaar   Pvt. Ltd.,,,,N/A,https://www.baidvyapaar.in/,direct_domain,FALSE_MATCH,0,,,Insufficient evidence (score 0/100),2026-02-14T23:39:10.312900
970,Baidyanath Finance & Leasing (P) Ltd,,,,N/A,https://www.baidyanath.com/,direct_domain,REVIEW_REQUIRED,55,"Company name on page (100% match) | Ownership signals: ['about us', 'contact us', 'privacy policy'] | Industry keyword: 'emi'",,,2026-02-14T23:39:13.950218
971,Bairavi Finance Private Limited,,,,N/A,https://www.bairavi.co.in/,direct_domain,FALSE_MATCH,0,,,Insufficient evidence (score 0/100),2026-02-14T23:39:15.679966
972,Bairavi Vincom (P) Ltd,,,,N/A,,,URL_NOT_FOUND,0,,,,2026-02-14T23:39:19.867324
973,"Bajaj Auto Credit Limited
(formerly Bajaj Auto Consumer Finance Limited)",,,,N/A,https://www.bajajauto.com/,direct_domain,REVIEW_REQUIRED,65,"Company name on page (83% match) | Ownership signals: ['contact us', 'privacy policy', 'investor relations'] | Industry keyword: 'rbi' | LinkedIn company page linked",,,2026-02-14T23:39:24.971888
974,Bajaj Finance Ltd.,,,,N/A,https://www.bajaj.com/,direct_domain,REVIEW_REQUIRED,40,Company name on page (100% match) | Industry keyword: 'mortgage',,,2026-02-14T23:39:25.510996
975,Bajaj Global Ltd,,,,N/A,,,URL_NOT_FOUND,0,,,,2026-02-14T23:39:30.084150
976,Bajaj Holdings and Investment Limited,,,,N/A,,,URL_NOT_FOUND,0,,,,2026-02-14T23:39:34.032748
977,Bajoria Distributors  Pvt. Ltd.,,,,N/A,,,URL_NOT_FOUND,0,,,,2026-02-14T23:40:20.811091
978,Bajoria Enterprises Limited,,,,N/A,,,URL_NOT_FOUND,0,,,,2026-02-14T23:40:25.415934
979,Bajoria Finance (P) Ltd,,,,N/A,https://www.bajoria.com/,direct_domain,REVIEW_REQUIRED,62,Company name on page (100% match) | Corporate email @bajoria.com | Partial ownership signals: ['contact us'] | Company name in title (82%),,,2026-02-14T23:40:29.110652
980,Bajoria Financial Services Pvt Ltd,,,,N/A,https://www.bajoria.com/,direct_domain,REVIEW_REQUIRED,62,Company name on page (100% match) | Corporate email @bajoria.com | Partial ownership signals: ['contact us'] | Company name in title (62%),,,2026-02-14T23:40:32.916115
981,Bajoria Properties Pvt. Ltd.,,,,N/A,,,URL_NOT_FOUND,0,,,,2026-02-14T23:40:34.863058
982,Bajrang Finance Ltd.,,,,N/A,http://www.bajrang.in/ssl-not-enabled/?return=/,direct_domain,FALSE_MATCH,0,,,Insufficient evidence (score 0/100),2026-02-14T23:40:40.012684
983,Bajwa Advances (Pvt.) Ltd.,,,,N/A,,,URL_NOT_FOUND,0,,,,2026-02-14T23:40:45.743117
984,Bakliwal Fincom Pvt Ltd,,,,N/A,,,URL_NOT_FOUND,0,,,,2026-02-14T23:40:50.794040
985,Bakliwal Finvest  Pvt. Ltd.,,,,N/A,,,URL_NOT_FOUND,0,,,,2026-02-14T23:40:55.238456
986,Bakliwal Holdings (P) Ltd,,,,N/A,,,URL_NOT_FOUND,0,,,,2026-02-14T23:41:05.341310
987,Bakshi Holdings Private Limited,,,,N/A,https://www.bakshiholdings.in/,direct_domain,FALSE_MATCH,0,,,Insufficient evidence (score 0/100),2026-02-14T23:41:09.113732
988,Bakshiram Uderam  Holdings  Pvt.  Ltd.,,,,N/A,,,URL_NOT_FOUND,0,,,,2026-02-14T23:41:13.287528
989,Balajee Fincom India Limited,,,,N/A,,,URL_NOT_FOUND,0,,,,2026-02-14T23:41:19.340757
990,Balaji Dealers (P) Ltd,,,,N/A,,,URL_NOT_FOUND,0,,,,2026-02-14T23:41:24.581943
991,Balaji Finvest Pvt Ltd,,,,N/A,https://balajifinvest.com/,direct_domain,OFFICIAL_WEBSITE_FOUND,80,"Company name on page (100% match) | Corporate email @balajifinvest.com | Ownership signals: ['about us', 'contact us', 'privacy policy'] | Industry keyword: 'rbi' | Company name in title (100%)",https://balajifinvest.com/,,2026-02-14T23:41:29.904875
992,Balaji Fund Growth Private Ltd.,,,,N/A,,,URL_NOT_FOUND,0,,,,2026-02-14T23:41:31.739930
993,Balaji Management Services P Ltd,,,,N/A,https://balaji.co.in/,direct_domain,REVIEW_REQUIRED,62,"Company name on page (100% match) | Corporate email @balaji.co.in | Partial ownership signals: ['about us', 'contact us'] | Industry keyword: 'financial services'",,,2026-02-14T23:41:36.199120
994,Balaji Niketan (P) Ltd,,,,N/A,,,URL_NOT_FOUND,0,,,,2026-02-14T23:41:47.912224
995,Balakrishna Rathi Finance Pvt Ltd,,,,N/A,,,URL_NOT_FOUND,0,,,,2026-02-14T23:41:53.502288
996,Balasaria Holdings Pvt Ltd (Name as per MCA - BRBS Holdings Private Limited),,,,N/A,,,URL_NOT_FOUND,0,,,,2026-02-14T23:41:57.039249
997,Balasaria Trading Co (P) Ltd,,,,N/A,,,URL_NOT_FOUND,0,,,,2026-02-14T23:42:01.503538
998,Balashri Commercial Limited,,,,N/A,,,URL_NOT_FOUND,0,,,,2026-02-14T23:42:05.904400
999,Balbir Holdings Pvt Ltd,,,,N/A,,,URL_NOT_FOUND,0,,,,2026-02-14T23:42:09.896536
1000,Baldev Finlease Private Limited,,,,N/A,,,URL_NOT_FOUND,0,,,,2026-02-14T23:42:13.719044
